order_id,customer_id,order_status,order_purchase_timestamp,order_approved_at,order_delivered_carrier_date,order_delivered_customer_date,order_estimated_delivery_date,return_eligible,days_since_purchase
ORD-1000,01CA2F7A,delivered,2023-06-22 12:13:55,2023-06-22 16:13:55,2023-06-23 16:13:55,2023-06-29 16:13:55,2023-06-29,False,192
ORD-1001,F038F576,shipped,2023-11-11 00:55:14,2023-11-11 02:55:14,2023-11-13 02:55:14,,2023-11-23,False,50
ORD-1002,04DED5CA,delivered,2023-10-26 19:41:13,2023-10-26 23:41:13,2023-10-29 23:41:13,2023-11-04 23:41:13,2023-11-07,False,66
ORD-1003,5711A536,delivered,2023-11-14 05:58:41,2023-11-14 07:58:41,2023-11-16 07:58:41,2023-11-18 07:58:41,2023-11-26,False,47
ORD-1004,E668A4FB,canceled,2023-08-04 08:41:39,,,,,False,149
ORD-1005,7258EB8E,delivered,2023-11-27 13:26:33,2023-11-27 14:26:33,2023-11-28 14:26:33,2023-12-02 14:26:33,2023-12-08,False,34
ORD-1006,928AF415,processing,2023-02-27 05:23:20,2023-02-27 06:23:20,,,2023-03-07,False,307
ORD-1007,E06D66F2,delivered,2023-12-10 13:20:49,2023-12-10 14:20:49,2023-12-12 14:20:49,2023-12-14 14:20:49,2023-12-21,True,21
ORD-1008,E9B0ED7F,delivered,2023-05-26 05:34:25,2023-05-26 06:34:25,2023-05-28 06:34:25,2023-05-31 06:34:25,2023-05-31,False,219
ORD-1009,80D81D39,delivered,2023-12-28 11:55:34,2023-12-28 14:55:34,2023-12-29 14:55:34,2024-01-01 14:55:34,2024-01-01,True,3
ORD-1010,2A5CA070,processing,2023-12-23 06:45:07,2023-12-23 12:45:07,,,2023-12-30,False,8
ORD-1011,60646B32,delivered,2023-06-24 05:16:07,2023-06-24 06:16:07,2023-06-25 06:16:07,2023-06-29 06:16:07,2023-07-01,False,190
ORD-1012,808DB87D,canceled,2023-08-02 03:13:34,,,,,False,151
ORD-1013,14B512E6,delivered,2023-06-14 09:01:13,2023-06-14 12:01:13,2023-06-15 12:01:13,2023-06-19 12:01:13,2023-06-19,False,200
ORD-1014,EC13F53B,delivered,2023-04-03 14:25:02,2023-04-03 18:25:02,2023-04-04 18:25:02,2023-04-06 18:25:02,2023-04-14,False,272
ORD-1015,120CA02A,shipped,2023-01-07 09:11:18,2023-01-07 11:11:18,2023-01-08 11:11:18,,2023-01-15,False,358
ORD-1016,0A57189F,delivered,2023-01-01 14:34:50,2023-01-01 16:34:50,2023-01-04 16:34:50,2023-01-09 16:34:50,2023-01-09,False,364
ORD-1017,7CD15F8B,invoiced,2023-07-23 07:13:46,2023-07-23 08:13:46,,,2023-08-05,False,161
ORD-1018,B4F65690,shipped,2023-07-17 00:38:12,2023-07-17 01:38:12,2023-07-19 01:38:12,,2023-07-29,False,167
ORD-1019,505E81BA,delivered,2023-09-04 20:52:52,2023-09-04 23:52:52,2023-09-06 23:52:52,2023-09-13 23:52:52,2023-09-09,False,118
ORD-1020,6613CAF0,delivered,2023-11-03 05:32:21,2023-11-03 07:32:21,2023-11-06 07:32:21,2023-11-13 07:32:21,2023-11-10,False,58
ORD-1021,8B12DC85,shipped,2023-10-13 12:26:21,2023-10-13 14:26:21,2023-10-14 14:26:21,,2023-10-22,False,79
ORD-1022,56562227,shipped,2023-05-12 11:29:20,2023-05-12 13:29:20,2023-05-14 13:29:20,,2023-05-24,False,233
ORD-1023,A52B1FB6,delivered,2023-11-12 03:42:23,2023-11-12 07:42:23,2023-11-13 07:42:23,2023-11-17 07:42:23,2023-11-19,False,49
ORD-1024,505E81BA,delivered,2023-11-04 05:40:20,2023-11-04 06:40:20,2023-11-06 06:40:20,2023-11-10 06:40:20,2023-11-15,False,57
ORD-1025,B4F65690,delivered,2023-07-03 20:24:20,2023-07-03 22:24:20,2023-07-05 22:24:20,2023-07-09 22:24:20,2023-07-08,False,181
ORD-1026,ADA237BB,delivered,2023-04-17 02:33:48,2023-04-17 05:33:48,2023-04-19 05:33:48,2023-04-24 05:33:48,2023-04-29,False,258
ORD-1027,892555F4,invoiced,2023-05-12 16:03:01,2023-05-12 20:03:01,,,2023-05-24,False,233
ORD-1028,25652F40,shipped,2023-12-25 23:11:52,2023-12-26 02:11:52,2023-12-27 02:11:52,,2024-01-05,False,6
ORD-1029,AFDD6F56,delivered,2023-06-17 05:32:58,2023-06-17 07:32:58,2023-06-20 07:32:58,2023-06-24 07:32:58,2023-06-28,False,197
ORD-1030,ABA7E283,delivered,2023-02-01 02:17:46,2023-02-01 05:17:46,2023-02-03 05:17:46,2023-02-08 05:17:46,2023-02-12,False,333
ORD-1031,7B31E78F,delivered,2023-09-25 21:04:26,2023-09-26 01:04:26,2023-09-27 01:04:26,2023-10-04 01:04:26,2023-10-05,False,97
ORD-1032,E03C9673,shipped,2023-04-17 15:02:29,2023-04-17 16:02:29,2023-04-18 16:02:29,,2023-04-27,False,258
ORD-1033,8BF384C7,shipped,2023-07-19 06:18:29,2023-07-19 08:18:29,2023-07-20 08:18:29,,2023-07-25,False,165
ORD-1034,F6113470,delivered,2023-01-14 12:20:59,2023-01-14 14:20:59,2023-01-17 14:20:59,2023-01-21 14:20:59,2023-01-25,False,351
ORD-1035,0BD3D6B1,delivered,2023-08-09 07:06:11,2023-08-09 09:06:11,2023-08-12 09:06:11,2023-08-17 09:06:11,2023-08-20,False,144
ORD-1036,E668A4FB,shipped,2023-06-22 09:48:50,2023-06-22 11:48:50,2023-06-24 11:48:50,,2023-07-03,False,192
ORD-1037,4A657906,delivered,2023-09-10 06:20:41,2023-09-10 07:20:41,2023-09-11 07:20:41,2023-09-18 07:20:41,2023-09-16,False,112
ORD-1038,0AFC6008,delivered,2023-07-21 01:44:08,2023-07-21 02:44:08,2023-07-23 02:44:08,2023-07-31 02:44:08,2023-07-30,False,163
ORD-1039,1E556B3B,invoiced,2023-03-25 07:56:28,2023-03-25 10:56:28,,,2023-04-06,False,281
ORD-1040,3416F317,delivered,2023-02-17 15:03:49,2023-02-17 16:03:49,2023-02-19 16:03:49,2023-02-22 16:03:49,2023-03-01,False,317
ORD-1041,087493F1,shipped,2023-11-11 18:31:50,2023-11-11 21:31:50,2023-11-13 21:31:50,,2023-11-17,False,50
ORD-1042,30F3ADFE,delivered,2023-07-30 13:24:12,2023-07-30 16:24:12,2023-07-31 16:24:12,2023-08-07 16:24:12,2023-08-05,False,154
ORD-1043,D31A7FA7,delivered,2023-07-17 13:56:50,2023-07-17 15:56:50,2023-07-18 15:56:50,2023-07-21 15:56:50,2023-07-28,False,167
ORD-1044,76306931,delivered,2023-05-21 03:47:57,2023-05-21 06:47:57,2023-05-23 06:47:57,2023-05-31 06:47:57,2023-05-28,False,224
ORD-1045,087493F1,delivered,2023-01-26 12:49:00,2023-01-26 16:49:00,2023-01-29 16:49:00,2023-02-03 16:49:00,2023-02-07,False,339
ORD-1046,A2700B09,delivered,2023-01-29 15:24:23,2023-01-29 18:24:23,2023-02-01 18:24:23,2023-02-03 18:24:23,2023-02-11,False,336
ORD-1047,99A6B9C8,delivered,2023-09-22 03:04:30,2023-09-22 05:04:30,2023-09-25 05:04:30,2023-10-02 05:04:30,2023-09-30,False,100
ORD-1048,26DD632E,delivered,2023-06-18 00:17:40,2023-06-18 01:17:40,2023-06-19 01:17:40,2023-06-25 01:17:40,2023-06-24,False,196
ORD-1049,49109F27,delivered,2023-03-05 22:42:54,2023-03-06 00:42:54,2023-03-08 00:42:54,2023-03-14 00:42:54,2023-03-15,False,301
ORD-1050,AFDD6F56,delivered,2023-04-08 07:48:38,2023-04-08 10:48:38,2023-04-09 10:48:38,2023-04-16 10:48:38,2023-04-16,False,267
ORD-1051,33793578,delivered,2023-02-06 06:48:57,2023-02-06 08:48:57,2023-02-09 08:48:57,2023-02-15 08:48:57,2023-02-14,False,328
ORD-1052,832A1B94,shipped,2023-09-13 19:50:07,2023-09-13 22:50:07,2023-09-14 22:50:07,,2023-09-17,False,109
ORD-1053,8F6F08AE,canceled,2023-01-18 15:44:04,,,,,False,347
ORD-1054,8A6A88B9,shipped,2023-04-13 18:46:18,2023-04-13 22:46:18,2023-04-14 22:46:18,,2023-04-24,False,262
ORD-1055,56562227,shipped,2023-04-23 11:56:07,2023-04-23 14:56:07,2023-04-25 14:56:07,,2023-05-01,False,252
ORD-1056,7B084165,delivered,2023-04-26 12:17:04,2023-04-26 13:17:04,2023-04-27 13:17:04,2023-05-02 13:17:04,2023-05-06,False,249
ORD-1057,C35B0B7E,delivered,2023-06-30 08:54:52,2023-06-30 10:54:52,2023-07-02 10:54:52,2023-07-10 10:54:52,2023-07-10,False,184
ORD-1058,78E7B8F2,delivered,2023-06-04 20:18:29,2023-06-04 23:18:29,2023-06-07 23:18:29,2023-06-13 23:18:29,2023-06-11,False,210
ORD-1059,80D81D39,delivered,2023-04-04 21:09:36,2023-04-05 00:09:36,2023-04-07 00:09:36,2023-04-10 00:09:36,2023-04-12,False,271
ORD-1060,E38BC1BD,delivered,2023-01-20 15:40:31,2023-01-20 19:40:31,2023-01-23 19:40:31,2023-01-28 19:40:31,2023-01-29,False,345
ORD-1061,D50EE0D6,delivered,2023-11-12 22:09:47,2023-11-13 01:09:47,2023-11-14 01:09:47,2023-11-22 01:09:47,2023-11-19,False,49
ORD-1062,0AFC6008,delivered,2023-07-19 21:34:59,2023-07-20 00:34:59,2023-07-22 00:34:59,2023-07-24 00:34:59,2023-07-26,False,165
ORD-1063,A85ACCB3,delivered,2023-07-16 07:05:01,2023-07-16 09:05:01,2023-07-17 09:05:01,2023-07-23 09:05:01,2023-07-25,False,168
ORD-1064,EC13F53B,delivered,2023-01-20 15:04:14,2023-01-20 19:04:14,2023-01-22 19:04:14,2023-01-28 19:04:14,2023-01-25,False,345
ORD-1065,18B38E7F,delivered,2023-06-17 08:32:16,2023-06-17 11:32:16,2023-06-20 11:32:16,2023-06-24 11:32:16,2023-06-29,False,197
ORD-1066,0B643D4A,delivered,2023-01-18 13:41:22,2023-01-18 15:41:22,2023-01-20 15:41:22,2023-01-26 15:41:22,2023-01-27,False,347
ORD-1067,BD4DB4C5,delivered,2023-05-31 01:01:55,2023-05-31 04:01:55,2023-06-03 04:01:55,2023-06-10 04:01:55,2023-06-07,False,214
ORD-1068,80C59387,delivered,2023-02-07 13:08:12,2023-02-07 16:08:12,2023-02-10 16:08:12,2023-02-14 16:08:12,2023-02-15,False,327
ORD-1069,D370CB20,delivered,2023-08-22 23:21:42,2023-08-23 00:21:42,2023-08-24 00:21:42,2023-08-26 00:21:42,2023-08-29,False,131
ORD-1070,0033B9CF,delivered,2023-11-09 05:30:17,2023-11-09 09:30:17,2023-11-10 09:30:17,2023-11-16 09:30:17,2023-11-15,False,52
ORD-1071,93EE4289,delivered,2023-12-28 16:59:08,2023-12-28 18:59:08,2023-12-30 18:59:08,2024-01-05 18:59:08,2024-01-06,True,3
ORD-1072,124477A8,processing,2023-07-17 00:31:06,2023-07-17 05:31:06,,,2023-07-29,False,167
ORD-1073,2EE544FC,delivered,2023-04-27 10:15:02,2023-04-27 11:15:02,2023-04-29 11:15:02,2023-05-03 11:15:02,2023-05-03,False,248
ORD-1074,53E1CF41,delivered,2023-08-15 16:29:53,2023-08-15 17:29:53,2023-08-18 17:29:53,2023-08-23 17:29:53,2023-08-25,False,138
ORD-1075,90A903E4,delivered,2023-08-13 07:56:34,2023-08-13 08:56:34,2023-08-16 08:56:34,2023-08-21 08:56:34,2023-08-21,False,140
ORD-1076,9082E6BF,shipped,2023-09-02 06:56:24,2023-09-02 10:56:24,2023-09-03 10:56:24,,2023-09-09,False,120
ORD-1077,77054EA1,canceled,2023-08-11 08:44:30,,,,,False,142
ORD-1078,B3B50A55,delivered,2023-03-16 02:14:19,2023-03-16 05:14:19,2023-03-18 05:14:19,2023-03-21 05:14:19,2023-03-27,False,290
ORD-1079,48BD7333,delivered,2023-06-09 08:59:40,2023-06-09 12:59:40,2023-06-12 12:59:40,2023-06-19 12:59:40,2023-06-15,False,205
ORD-1080,A98BD4CA,delivered,2023-07-21 10:28:40,2023-07-21 13:28:40,2023-07-24 13:28:40,2023-07-29 13:28:40,2023-08-02,False,163
ORD-1081,4A657906,delivered,2023-03-09 06:10:37,2023-03-09 09:10:37,2023-03-12 09:10:37,2023-03-16 09:10:37,2023-03-19,False,297
ORD-1082,C35B0B7E,canceled,2023-03-16 16:01:54,,,,,False,290
ORD-1083,D5466057,delivered,2023-08-05 17:44:40,2023-08-05 20:44:40,2023-08-07 20:44:40,2023-08-14 20:44:40,2023-08-13,False,148
ORD-1084,18FB9E58,delivered,2023-05-04 03:02:02,2023-05-04 06:02:02,2023-05-06 06:02:02,2023-05-08 06:02:02,2023-05-15,False,241
ORD-1085,57D22B1C,delivered,2023-11-14 19:49:50,2023-11-14 21:49:50,2023-11-16 21:49:50,2023-11-18 21:49:50,2023-11-23,False,47
ORD-1086,AFDD6F56,canceled,2023-05-15 12:20:30,,,,,False,230
ORD-1087,EBFDA1FF,delivered,2023-10-18 05:41:58,2023-10-18 07:41:58,2023-10-21 07:41:58,2023-10-25 07:41:58,2023-10-28,False,74
ORD-1088,A98BD4CA,delivered,2023-02-12 10:03:55,2023-02-12 12:03:55,2023-02-13 12:03:55,2023-02-15 12:03:55,2023-02-19,False,322
ORD-1089,0CED663F,delivered,2023-01-21 09:15:09,2023-01-21 12:15:09,2023-01-24 12:15:09,2023-01-29 12:15:09,2023-01-28,False,344
ORD-1090,A98BD4CA,canceled,2023-01-03 00:17:40,,,,,False,362
ORD-1091,2497A702,shipped,2023-06-08 00:39:08,2023-06-08 04:39:08,2023-06-10 04:39:08,,2023-06-16,False,206
ORD-1092,41289671,delivered,2023-05-05 17:29:59,2023-05-05 18:29:59,2023-05-06 18:29:59,2023-05-13 18:29:59,2023-05-12,False,240
ORD-1093,33793578,shipped,2023-10-14 21:03:26,2023-10-14 22:03:26,2023-10-15 22:03:26,,2023-10-24,False,78
ORD-1094,11011A0E,canceled,2023-12-29 16:47:22,,,,,False,2
ORD-1095,84496A78,delivered,2023-11-03 00:19:31,2023-11-03 03:19:31,2023-11-04 03:19:31,2023-11-06 03:19:31,2023-11-11,False,58
ORD-1096,65D06423,delivered,2023-08-23 02:20:40,2023-08-23 05:20:40,2023-08-25 05:20:40,2023-08-30 05:20:40,2023-09-04,False,130
ORD-1097,AB0ADF6D,delivered,2023-11-27 12:27:06,2023-11-27 15:27:06,2023-11-28 15:27:06,2023-12-06 15:27:06,2023-12-02,False,34
ORD-1098,ADA237BB,shipped,2023-03-05 02:33:22,2023-03-05 05:33:22,2023-03-06 05:33:22,,2023-03-09,False,301
ORD-1099,124477A8,delivered,2023-11-04 02:29:19,2023-11-04 04:29:19,2023-11-05 04:29:19,2023-11-11 04:29:19,2023-11-14,False,57
ORD-1100,36CD62F0,delivered,2023-07-20 02:45:49,2023-07-20 06:45:49,2023-07-23 06:45:49,2023-07-25 06:45:49,2023-07-28,False,164
ORD-1101,B0353AC9,delivered,2023-07-05 10:11:41,2023-07-05 12:11:41,2023-07-06 12:11:41,2023-07-10 12:11:41,2023-07-15,False,179
ORD-1102,3994C417,shipped,2023-06-23 11:52:36,2023-06-23 14:52:36,2023-06-25 14:52:36,,2023-06-28,False,191
ORD-1103,6C1301E3,delivered,2023-09-11 20:46:14,2023-09-11 22:46:14,2023-09-12 22:46:14,2023-09-19 22:46:14,2023-09-16,False,111
ORD-1104,99A6B9C8,delivered,2023-04-30 03:38:32,2023-04-30 06:38:32,2023-05-03 06:38:32,2023-05-05 06:38:32,2023-05-10,False,245
ORD-1105,25652F40,delivered,2023-08-27 16:43:27,2023-08-27 18:43:27,2023-08-29 18:43:27,2023-09-01 18:43:27,2023-09-08,False,126
ORD-1106,3FAD766A,shipped,2023-06-11 11:57:43,2023-06-11 15:57:43,2023-06-12 15:57:43,,2023-06-18,False,203
ORD-1107,8F6F08AE,delivered,2023-07-24 02:04:37,2023-07-24 05:04:37,2023-07-25 05:04:37,2023-07-31 05:04:37,2023-07-29,False,160
ORD-1108,A680294F,delivered,2023-11-18 20:44:02,2023-11-18 22:44:02,2023-11-21 22:44:02,2023-11-27 22:44:02,2023-11-26,False,43
ORD-1109,6EAC63E9,processing,2023-05-08 10:16:40,2023-05-08 14:16:40,,,2023-05-14,False,237
ORD-1110,AEFAC9E4,delivered,2023-10-06 10:09:35,2023-10-06 11:09:35,2023-10-09 11:09:35,2023-10-14 11:09:35,2023-10-12,False,86
ORD-1111,780E2453,delivered,2023-02-21 05:48:37,2023-02-21 09:48:37,2023-02-24 09:48:37,2023-02-26 09:48:37,2023-03-06,False,313
ORD-1112,CD5FF65B,delivered,2023-10-08 21:27:32,2023-10-09 00:27:32,2023-10-10 00:27:32,2023-10-17 00:27:32,2023-10-16,False,84
ORD-1113,90A903E4,delivered,2023-01-29 08:41:04,2023-01-29 11:41:04,2023-02-01 11:41:04,2023-02-03 11:41:04,2023-02-04,False,336
ORD-1114,EF635618,delivered,2023-12-29 15:25:08,2023-12-29 18:25:08,2023-12-31 18:25:08,2024-01-03 18:25:08,2024-01-05,True,2
ORD-1115,6F8FA37F,invoiced,2023-05-26 10:13:43,2023-05-26 14:13:43,,,2023-06-07,False,219
ORD-1116,A80CEFB9,delivered,2023-05-26 21:16:12,2023-05-26 23:16:12,2023-05-29 23:16:12,2023-06-06 23:16:12,2023-06-06,False,219
ORD-1117,DFCCBF9A,invoiced,2023-03-11 07:29:41,2023-03-11 11:29:41,,,2023-03-24,False,295
ORD-1118,80C59387,invoiced,2023-10-10 16:07:46,2023-10-10 17:07:46,,,2023-10-15,False,82
ORD-1119,7FAEB651,shipped,2023-06-29 19:30:32,2023-06-29 23:30:32,2023-07-01 23:30:32,,2023-07-07,False,185
ORD-1120,B4F450DA,delivered,2023-06-28 21:20:19,2023-06-29 00:20:19,2023-06-30 00:20:19,2023-07-07 00:20:19,2023-07-04,False,186
ORD-1121,77054EA1,shipped,2023-11-11 08:53:00,2023-11-11 09:53:00,2023-11-12 09:53:00,,2023-11-18,False,50
ORD-1122,8F065601,delivered,2023-02-09 04:25:31,2023-02-09 08:25:31,2023-02-12 08:25:31,2023-02-19 08:25:31,2023-02-15,False,325
ORD-1123,A1FA49E9,delivered,2023-10-15 14:20:35,2023-10-15 18:20:35,2023-10-16 18:20:35,2023-10-22 18:20:35,2023-10-22,False,77
ORD-1124,079D4343,delivered,2023-02-24 10:09:29,2023-02-24 13:09:29,2023-02-25 13:09:29,2023-03-05 13:09:29,2023-03-05,False,310
ORD-1125,8A6A88B9,shipped,2023-08-21 04:59:47,2023-08-21 07:59:47,2023-08-22 07:59:47,,2023-08-29,False,132
ORD-1126,E9828A93,delivered,2023-09-14 09:37:32,2023-09-14 13:37:32,2023-09-16 13:37:32,2023-09-20 13:37:32,2023-09-19,False,108
ORD-1127,57E4608C,processing,2023-08-18 18:44:14,2023-08-18 20:44:14,,,2023-08-29,False,135
ORD-1128,AEBC220F,delivered,2023-07-12 11:31:14,2023-07-12 14:31:14,2023-07-15 14:31:14,2023-07-22 14:31:14,2023-07-24,False,172
ORD-1129,9082E6BF,shipped,2023-05-04 18:49:13,2023-05-04 22:49:13,2023-05-05 22:49:13,,2023-05-12,False,241
ORD-1130,4B18FF24,shipped,2023-03-13 09:52:34,2023-03-13 13:52:34,2023-03-14 13:52:34,,2023-03-20,False,293
ORD-1131,3DB2504C,shipped,2023-11-30 00:51:49,2023-11-30 04:51:49,2023-12-01 04:51:49,,2023-12-10,False,31
ORD-1132,53E1CF41,delivered,2023-08-05 10:17:20,2023-08-05 14:17:20,2023-08-06 14:17:20,2023-08-10 14:17:20,2023-08-12,False,148
ORD-1133,ADA237BB,delivered,2023-09-09 03:44:07,2023-09-09 07:44:07,2023-09-11 07:44:07,2023-09-13 07:44:07,2023-09-17,False,113
ORD-1134,C13F73F8,delivered,2023-04-15 06:14:36,2023-04-15 07:14:36,2023-04-16 07:14:36,2023-04-19 07:14:36,2023-04-22,False,260
ORD-1135,C0E7745C,processing,2023-03-23 02:59:14,2023-03-23 05:59:14,,,2023-04-01,False,283
ORD-1136,9C3B576E,canceled,2023-03-24 06:11:29,,,,,False,282
ORD-1137,DFCCBF9A,invoiced,2023-10-18 01:25:08,2023-10-18 05:25:08,,,2023-10-26,False,74
ORD-1138,48BD7333,canceled,2023-06-04 00:52:43,,,,,False,210
ORD-1139,4606D33D,shipped,2023-05-05 21:40:08,2023-05-06 01:40:08,2023-05-08 01:40:08,,2023-05-16,False,240
ORD-1140,CD5FF65B,delivered,2023-04-12 13:55:51,2023-04-12 17:55:51,2023-04-14 17:55:51,2023-04-16 17:55:51,2023-04-24,False,263
ORD-1141,80D81D39,delivered,2023-12-22 02:10:40,2023-12-22 05:10:40,2023-12-24 05:10:40,2023-12-26 05:10:40,2023-12-30,True,9
ORD-1142,01A064F6,delivered,2023-01-07 07:10:49,2023-01-07 11:10:49,2023-01-09 11:10:49,2023-01-12 11:10:49,2023-01-15,False,358
ORD-1143,426B01C7,delivered,2023-03-31 07:55:44,2023-03-31 09:55:44,2023-04-02 09:55:44,2023-04-08 09:55:44,2023-04-10,False,275
ORD-1144,EBFDA1FF,processing,2023-10-24 11:02:12,2023-10-24 17:02:12,,,2023-11-05,False,68
ORD-1145,B0608BB8,shipped,2023-03-07 08:03:04,2023-03-07 11:03:04,2023-03-08 11:03:04,,2023-03-13,False,299
ORD-1146,56562227,delivered,2023-07-09 15:26:16,2023-07-09 16:26:16,2023-07-12 16:26:16,2023-07-14 16:26:16,2023-07-16,False,175
ORD-1147,EC13F53B,delivered,2023-10-24 20:09:15,2023-10-24 22:09:15,2023-10-27 22:09:15,2023-10-30 22:09:15,2023-10-31,False,68
ORD-1148,429D783C,delivered,2023-01-04 13:12:16,2023-01-04 17:12:16,2023-01-06 17:12:16,2023-01-08 17:12:16,2023-01-16,False,361
ORD-1149,6A6C030A,delivered,2023-01-07 02:37:50,2023-01-07 06:37:50,2023-01-08 06:37:50,2023-01-10 06:37:50,2023-01-15,False,358
ORD-1150,120CA02A,delivered,2023-04-22 08:07:51,2023-04-22 12:07:51,2023-04-23 12:07:51,2023-04-25 12:07:51,2023-04-27,False,253
ORD-1151,9082E6BF,delivered,2023-02-27 19:49:30,2023-02-27 22:49:30,2023-03-01 22:49:30,2023-03-05 22:49:30,2023-03-10,False,307
ORD-1152,AFDD6F56,canceled,2023-05-25 21:05:33,,,,,False,220
ORD-1153,B0608BB8,delivered,2023-08-08 10:12:07,2023-08-08 12:12:07,2023-08-10 12:12:07,2023-08-17 12:12:07,2023-08-14,False,145
ORD-1154,77054EA1,delivered,2023-02-06 07:29:16,2023-02-06 11:29:16,2023-02-09 11:29:16,2023-02-14 11:29:16,2023-02-12,False,328
ORD-1155,DC0A479E,delivered,2023-09-30 22:59:29,2023-10-01 02:59:29,2023-10-03 02:59:29,2023-10-10 02:59:29,2023-10-11,False,92
ORD-1156,C66039B6,invoiced,2023-11-30 04:46:10,2023-11-30 09:46:10,,,2023-12-05,False,31
ORD-1157,35A9A9EA,processing,2023-03-24 02:32:59,2023-03-24 08:32:59,,,2023-04-07,False,282
ORD-1158,8CB2B9B7,delivered,2023-04-16 06:47:20,2023-04-16 07:47:20,2023-04-19 07:47:20,2023-04-23 07:47:20,2023-04-22,False,259
ORD-1159,0D884CEF,processing,2023-12-27 16:43:47,2023-12-27 17:43:47,,,2024-01-04,False,4
ORD-1160,E9828A93,processing,2023-10-20 03:31:11,2023-10-20 07:31:11,,,2023-10-26,False,72
ORD-1161,3DB2504C,delivered,2023-03-05 02:08:45,2023-03-05 06:08:45,2023-03-08 06:08:45,2023-03-14 06:08:45,2023-03-16,False,301
ORD-1162,0BD3D6B1,shipped,2023-10-21 10:47:19,2023-10-21 11:47:19,2023-10-23 11:47:19,,2023-10-26,False,71
ORD-1163,C189FB48,delivered,2023-06-19 17:57:28,2023-06-19 18:57:28,2023-06-21 18:57:28,2023-06-27 18:57:28,2023-06-30,False,195
ORD-1164,93EE4289,shipped,2023-01-12 12:07:52,2023-01-12 16:07:52,2023-01-14 16:07:52,,2023-01-20,False,353
ORD-1165,6613CAF0,canceled,2023-08-03 18:41:06,,,,,False,150
ORD-1166,4DEFB704,shipped,2023-03-14 03:12:07,2023-03-14 07:12:07,2023-03-15 07:12:07,,2023-03-22,False,292
ORD-1167,B4F450DA,delivered,2023-10-04 22:39:11,2023-10-05 01:39:11,2023-10-06 01:39:11,2023-10-11 01:39:11,2023-10-11,False,88
ORD-1168,131D78BC,delivered,2023-05-03 23:39:18,2023-05-04 00:39:18,2023-05-05 00:39:18,2023-05-09 00:39:18,2023-05-15,False,242
ORD-1169,3E283C8B,delivered,2023-10-23 16:15:49,2023-10-23 18:15:49,2023-10-24 18:15:49,2023-10-27 18:15:49,2023-11-02,False,69
ORD-1170,88D692E8,delivered,2023-08-05 07:28:36,2023-08-05 11:28:36,2023-08-06 11:28:36,2023-08-08 11:28:36,2023-08-10,False,148
ORD-1171,A19E8562,delivered,2023-08-04 05:42:10,2023-08-04 08:42:10,2023-08-06 08:42:10,2023-08-08 08:42:10,2023-08-13,False,149
ORD-1172,52BB98AA,shipped,2023-05-31 14:33:13,2023-05-31 16:33:13,2023-06-01 16:33:13,,2023-06-10,False,214
ORD-1173,ECF6E8EC,delivered,2023-02-23 22:04:59,2023-02-24 01:04:59,2023-02-26 01:04:59,2023-03-01 01:04:59,2023-03-02,False,311
ORD-1174,7B31E78F,delivered,2023-06-18 19:28:35,2023-06-18 22:28:35,2023-06-20 22:28:35,2023-06-28 22:28:35,2023-06-24,False,196
ORD-1175,3E283C8B,canceled,2023-04-08 18:00:41,,,,,False,267
ORD-1176,E3B1642E,delivered,2023-08-19 14:40:36,2023-08-19 18:40:36,2023-08-20 18:40:36,2023-08-23 18:40:36,2023-08-27,False,134
ORD-1177,37E7C449,delivered,2023-06-03 16:06:59,2023-06-03 20:06:59,2023-06-05 20:06:59,2023-06-10 20:06:59,2023-06-13,False,211
ORD-1178,0D14E27F,processing,2023-11-13 16:46:56,2023-11-13 22:46:56,,,2023-11-27,False,48
ORD-1179,69413040,delivered,2023-04-27 16:15:35,2023-04-27 18:15:35,2023-04-29 18:15:35,2023-05-03 18:15:35,2023-05-04,False,248
ORD-1180,84496A78,delivered,2023-05-04 22:34:43,2023-05-05 02:34:43,2023-05-08 02:34:43,2023-05-16 02:34:43,2023-05-14,False,241
ORD-1181,F9EA111E,delivered,2023-05-27 01:05:22,2023-05-27 05:05:22,2023-05-29 05:05:22,2023-05-31 05:05:22,2023-06-04,False,218
ORD-1182,56562227,shipped,2023-03-11 21:02:35,2023-03-11 22:02:35,2023-03-13 22:02:35,,2023-03-19,False,295
ORD-1183,F6113470,delivered,2023-11-06 18:58:04,2023-11-06 19:58:04,2023-11-08 19:58:04,2023-11-15 19:58:04,2023-11-18,False,55
ORD-1184,B0353AC9,delivered,2023-09-03 23:07:11,2023-09-04 02:07:11,2023-09-07 02:07:11,2023-09-10 02:07:11,2023-09-16,False,119
ORD-1185,A80CEFB9,delivered,2023-01-29 17:24:18,2023-01-29 21:24:18,2023-02-01 21:24:18,2023-02-06 21:24:18,2023-02-10,False,336
ORD-1186,B4F65690,shipped,2023-01-15 06:40:34,2023-01-15 09:40:34,2023-01-16 09:40:34,,2023-01-20,False,350
ORD-1187,E79CC0BA,shipped,2023-09-13 09:17:29,2023-09-13 11:17:29,2023-09-14 11:17:29,,2023-09-23,False,109
ORD-1188,ADA237BB,delivered,2023-11-06 05:24:41,2023-11-06 06:24:41,2023-11-07 06:24:41,2023-11-11 06:24:41,2023-11-13,False,55
ORD-1189,97854430,delivered,2023-10-18 01:10:29,2023-10-18 03:10:29,2023-10-20 03:10:29,2023-10-24 03:10:29,2023-10-29,False,74
ORD-1190,A96E6D49,shipped,2023-10-27 22:45:04,2023-10-28 00:45:04,2023-10-30 00:45:04,,2023-11-02,False,65
ORD-1191,C35B0B7E,delivered,2023-02-10 14:28:14,2023-02-10 15:28:14,2023-02-11 15:28:14,2023-02-19 15:28:14,2023-02-16,False,324
ORD-1192,C917982F,delivered,2023-05-02 03:01:43,2023-05-02 05:01:43,2023-05-05 05:01:43,2023-05-10 05:01:43,2023-05-13,False,243
ORD-1193,8CB2B9B7,delivered,2023-02-07 21:54:45,2023-02-08 01:54:45,2023-02-10 01:54:45,2023-02-12 01:54:45,2023-02-17,False,327
ORD-1194,505E81BA,shipped,2023-11-11 15:28:48,2023-11-11 16:28:48,2023-11-13 16:28:48,,2023-11-17,False,50
ORD-1195,6EAC63E9,invoiced,2023-12-28 03:30:19,2023-12-28 05:30:19,,,2024-01-10,False,3
ORD-1196,038C1BBC,delivered,2023-08-03 08:10:36,2023-08-03 12:10:36,2023-08-05 12:10:36,2023-08-08 12:10:36,2023-08-14,False,150
ORD-1197,B912D5F4,shipped,2023-03-14 09:15:07,2023-03-14 13:15:07,2023-03-16 13:15:07,,2023-03-19,False,292
ORD-1198,D370CB20,delivered,2023-06-24 14:20:34,2023-06-24 18:20:34,2023-06-25 18:20:34,2023-07-02 18:20:34,2023-07-01,False,190
ORD-1199,AEFAC9E4,shipped,2023-04-19 02:21:42,2023-04-19 03:21:42,2023-04-20 03:21:42,,2023-04-25,False,256
ORD-1200,0B643D4A,delivered,2023-05-07 14:23:58,2023-05-07 15:23:58,2023-05-09 15:23:58,2023-05-16 15:23:58,2023-05-19,False,238
ORD-1201,14B512E6,delivered,2023-09-06 04:55:25,2023-09-06 08:55:25,2023-09-09 08:55:25,2023-09-14 08:55:25,2023-09-13,False,116
ORD-1202,C917982F,processing,2023-05-17 16:44:14,2023-05-17 21:44:14,,,2023-05-24,False,228
ORD-1203,7FAEB651,delivered,2023-12-23 18:44:32,2023-12-23 19:44:32,2023-12-26 19:44:32,2023-12-29 19:44:32,2024-01-03,True,8
ORD-1204,DFCCBF9A,delivered,2023-04-03 15:39:32,2023-04-03 17:39:32,2023-04-05 17:39:32,2023-04-12 17:39:32,2023-04-10,False,272
ORD-1205,97854430,delivered,2023-05-31 20:44:24,2023-05-31 22:44:24,2023-06-03 22:44:24,2023-06-08 22:44:24,2023-06-12,False,214
ORD-1206,015F9CB2,shipped,2023-07-09 00:05:42,2023-07-09 02:05:42,2023-07-10 02:05:42,,2023-07-20,False,175
ORD-1207,41289671,delivered,2023-02-24 11:39:30,2023-02-24 15:39:30,2023-02-27 15:39:30,2023-03-01 15:39:30,2023-03-07,False,310
ORD-1208,DC0A479E,delivered,2023-07-08 04:52:57,2023-07-08 08:52:57,2023-07-11 08:52:57,2023-07-17 08:52:57,2023-07-21,False,176
ORD-1209,E6DC95C4,delivered,2023-09-23 21:50:07,2023-09-24 01:50:07,2023-09-26 01:50:07,2023-09-29 01:50:07,2023-09-30,False,99
ORD-1210,C66039B6,shipped,2023-01-12 23:38:33,2023-01-13 01:38:33,2023-01-15 01:38:33,,2023-01-18,False,353
ORD-1211,46FA722B,delivered,2023-03-29 07:41:33,2023-03-29 09:41:33,2023-03-31 09:41:33,2023-04-06 09:41:33,2023-04-10,False,277
ORD-1212,30F3ADFE,delivered,2023-07-18 09:03:24,2023-07-18 10:03:24,2023-07-20 10:03:24,2023-07-28 10:03:24,2023-07-28,False,166
ORD-1213,7ADA0D30,shipped,2023-11-16 11:17:22,2023-11-16 15:17:22,2023-11-17 15:17:22,,2023-11-26,False,45
ORD-1214,ABA7E283,processing,2023-10-13 19:54:42,2023-10-13 21:54:42,,,2023-10-22,False,79
ORD-1215,77054EA1,delivered,2023-06-24 15:48:33,2023-06-24 16:48:33,2023-06-26 16:48:33,2023-07-04 16:48:33,2023-06-30,False,190
ORD-1216,01CA2F7A,shipped,2023-03-23 12:12:22,2023-03-23 15:12:22,2023-03-25 15:12:22,,2023-03-30,False,283
ORD-1217,B0353AC9,delivered,2023-11-01 19:19:32,2023-11-01 21:19:32,2023-11-02 21:19:32,2023-11-08 21:19:32,2023-11-10,False,60
ORD-1218,BC8D9355,delivered,2023-04-20 03:54:08,2023-04-20 05:54:08,2023-04-22 05:54:08,2023-04-29 05:54:08,2023-04-29,False,255
ORD-1219,3519E4E2,delivered,2023-08-11 10:16:57,2023-08-11 11:16:57,2023-08-12 11:16:57,2023-08-20 11:16:57,2023-08-21,False,142
ORD-1220,4249ACCE,processing,2023-04-18 16:50:33,2023-04-18 18:50:33,,,2023-04-25,False,257
ORD-1221,E79CC0BA,shipped,2023-02-26 19:05:15,2023-02-26 21:05:15,2023-02-28 21:05:15,,2023-03-10,False,308
ORD-1222,5B7BC6D4,shipped,2023-08-13 05:59:45,2023-08-13 09:59:45,2023-08-15 09:59:45,,2023-08-25,False,140
ORD-1223,27682BB7,shipped,2023-09-04 01:50:19,2023-09-04 02:50:19,2023-09-06 02:50:19,,2023-09-13,False,118
ORD-1224,25652F40,canceled,2023-06-26 14:04:14,,,,,False,188
ORD-1225,93EE4289,delivered,2023-08-15 00:13:07,2023-08-15 01:13:07,2023-08-18 01:13:07,2023-08-23 01:13:07,2023-08-26,False,138
ORD-1226,BDE58DB3,delivered,2023-11-06 00:15:20,2023-11-06 02:15:20,2023-11-08 02:15:20,2023-11-16 02:15:20,2023-11-14,False,55
ORD-1227,E3B1642E,delivered,2023-04-15 06:56:41,2023-04-15 09:56:41,2023-04-17 09:56:41,2023-04-23 09:56:41,2023-04-22,False,260
ORD-1228,C66039B6,delivered,2023-11-28 01:09:15,2023-11-28 04:09:15,2023-12-01 04:09:15,2023-12-09 04:09:15,2023-12-04,False,33
ORD-1229,D8FB15D4,shipped,2023-02-08 16:06:13,2023-02-08 20:06:13,2023-02-09 20:06:13,,2023-02-13,False,326
ORD-1230,2497A702,delivered,2023-06-21 09:04:59,2023-06-21 13:04:59,2023-06-22 13:04:59,2023-06-29 13:04:59,2023-06-27,False,193
ORD-1231,5F2A0CF3,processing,2023-03-03 17:46:38,2023-03-03 20:46:38,,,2023-03-09,False,303
ORD-1232,3E283C8B,delivered,2023-04-08 05:47:50,2023-04-08 07:47:50,2023-04-09 07:47:50,2023-04-14 07:47:50,2023-04-16,False,267
ORD-1233,0CED663F,shipped,2023-06-16 16:43:20,2023-06-16 17:43:20,2023-06-17 17:43:20,,2023-06-23,False,198
ORD-1234,715C686D,delivered,2023-01-31 06:26:29,2023-01-31 08:26:29,2023-02-03 08:26:29,2023-02-10 08:26:29,2023-02-13,False,334
ORD-1235,DC0A479E,shipped,2023-01-04 03:08:54,2023-01-04 04:08:54,2023-01-06 04:08:54,,2023-01-11,False,361
ORD-1236,715C686D,delivered,2023-01-28 12:10:03,2023-01-28 13:10:03,2023-01-31 13:10:03,2023-02-08 13:10:03,2023-02-04,False,337
ORD-1237,ABA7E283,delivered,2023-05-02 16:38:50,2023-05-02 19:38:50,2023-05-03 19:38:50,2023-05-08 19:38:50,2023-05-08,False,243
ORD-1238,E9828A93,delivered,2023-01-27 13:38:32,2023-01-27 14:38:32,2023-01-30 14:38:32,2023-02-06 14:38:32,2023-02-04,False,338
ORD-1239,CBB0F754,shipped,2023-05-17 09:18:24,2023-05-17 11:18:24,2023-05-19 11:18:24,,2023-05-29,False,228
ORD-1240,82088E1B,processing,2023-02-03 15:59:27,2023-02-03 17:59:27,,,2023-02-09,False,331
ORD-1241,0BD3D6B1,canceled,2023-05-17 12:32:58,,,,,False,228
ORD-1242,DBD053B8,delivered,2023-11-04 05:22:08,2023-11-04 08:22:08,2023-11-07 08:22:08,2023-11-09 08:22:08,2023-11-13,False,57
ORD-1243,D3528162,delivered,2023-08-22 09:43:02,2023-08-22 12:43:02,2023-08-25 12:43:02,2023-08-27 12:43:02,2023-09-01,False,131
ORD-1244,AEFAC9E4,delivered,2023-07-21 01:46:17,2023-07-21 03:46:17,2023-07-24 03:46:17,2023-07-29 03:46:17,2023-07-31,False,163
ORD-1245,5313C1AC,processing,2023-11-01 09:33:37,2023-11-01 11:33:37,,,2023-11-13,False,60
ORD-1246,892555F4,delivered,2023-02-13 18:50:49,2023-02-13 19:50:49,2023-02-16 19:50:49,2023-02-18 19:50:49,2023-02-24,False,321
ORD-1247,5E0395C3,delivered,2023-02-21 06:10:10,2023-02-21 10:10:10,2023-02-23 10:10:10,2023-03-01 10:10:10,2023-02-28,False,313
ORD-1248,5406B5CC,delivered,2023-10-27 04:20:28,2023-10-27 05:20:28,2023-10-28 05:20:28,2023-11-01 05:20:28,2023-11-03,False,65
ORD-1249,2AE532CD,delivered,2023-12-25 07:03:44,2023-12-25 11:03:44,2023-12-28 11:03:44,2024-01-01 11:03:44,2024-01-06,True,6
ORD-1250,A3ED0C05,delivered,2023-09-30 13:20:57,2023-09-30 15:20:57,2023-10-02 15:20:57,2023-10-04 15:20:57,2023-10-09,False,92
ORD-1251,AFDD6F56,canceled,2023-07-18 13:42:18,,,,,False,166
ORD-1252,171F3EAC,delivered,2023-07-28 07:31:07,2023-07-28 08:31:07,2023-07-30 08:31:07,2023-08-06 08:31:07,2023-08-08,False,156
ORD-1253,86EDD244,delivered,2023-01-23 11:43:21,2023-01-23 15:43:21,2023-01-24 15:43:21,2023-01-29 15:43:21,2023-01-27,False,342
ORD-1254,F038F576,shipped,2023-09-16 16:18:41,2023-09-16 18:18:41,2023-09-17 18:18:41,,2023-09-20,False,106
ORD-1255,A98BD4CA,delivered,2023-09-30 10:27:01,2023-09-30 14:27:01,2023-10-02 14:27:01,2023-10-08 14:27:01,2023-10-09,False,92
ORD-1256,7B31E78F,delivered,2023-05-25 10:04:27,2023-05-25 13:04:27,2023-05-28 13:04:27,2023-05-30 13:04:27,2023-05-31,False,220
ORD-1257,FF7F8E60,delivered,2023-11-10 10:47:25,2023-11-10 11:47:25,2023-11-12 11:47:25,2023-11-19 11:47:25,2023-11-16,False,51
ORD-1258,ECF45610,delivered,2023-06-26 18:45:02,2023-06-26 19:45:02,2023-06-28 19:45:02,2023-07-06 19:45:02,2023-07-03,False,188
ORD-1259,25652F40,delivered,2023-03-03 02:14:07,2023-03-03 03:14:07,2023-03-06 03:14:07,2023-03-13 03:14:07,2023-03-10,False,303
ORD-1260,1AC5963B,delivered,2023-10-15 16:34:10,2023-10-15 17:34:10,2023-10-16 17:34:10,2023-10-19 17:34:10,2023-10-19,False,77
ORD-1261,5406B5CC,delivered,2023-05-22 08:30:24,2023-05-22 10:30:24,2023-05-23 10:30:24,2023-05-31 10:30:24,2023-05-26,False,223
ORD-1262,D3528162,canceled,2023-11-08 21:34:43,,,,,False,53
ORD-1263,B9A1EDE7,delivered,2023-03-29 04:38:03,2023-03-29 08:38:03,2023-04-01 08:38:03,2023-04-05 08:38:03,2023-04-08,False,277
ORD-1264,75EE3D85,delivered,2023-08-10 23:06:04,2023-08-11 00:06:04,2023-08-12 00:06:04,2023-08-15 00:06:04,2023-08-15,False,143
ORD-1265,AF31B604,processing,2023-01-27 18:26:27,2023-01-27 21:26:27,,,2023-02-05,False,338
ORD-1266,93EE4289,delivered,2023-02-03 13:10:17,2023-02-03 14:10:17,2023-02-05 14:10:17,2023-02-08 14:10:17,2023-02-12,False,331
ORD-1267,2EE544FC,delivered,2023-11-01 16:08:14,2023-11-01 18:08:14,2023-11-03 18:08:14,2023-11-07 18:08:14,2023-11-13,False,60
ORD-1268,C663B53F,processing,2023-10-12 11:03:11,2023-10-12 13:03:11,,,2023-10-19,False,80
ORD-1269,37E7C449,delivered,2023-12-29 02:34:29,2023-12-29 04:34:29,2024-01-01 04:34:29,2024-01-05 04:34:29,2024-01-04,True,2
ORD-1270,FF7F8E60,shipped,2023-01-01 13:37:37,2023-01-01 17:37:37,2023-01-03 17:37:37,,2023-01-07,False,364
ORD-1271,AEFAC9E4,invoiced,2023-07-25 18:13:44,2023-07-25 22:13:44,,,2023-08-06,False,159
ORD-1272,4249ACCE,shipped,2023-02-25 07:01:01,2023-02-25 08:01:01,2023-02-26 08:01:01,,2023-03-04,False,309
ORD-1273,D1190880,shipped,2023-06-10 09:58:06,2023-06-10 12:58:06,2023-06-12 12:58:06,,2023-06-16,False,204
ORD-1274,8B12DC85,delivered,2023-02-07 02:50:32,2023-02-07 06:50:32,2023-02-08 06:50:32,2023-02-14 06:50:32,2023-02-11,False,327
ORD-1275,E03C9673,canceled,2023-09-15 06:25:29,,,,,False,107
ORD-1276,01CA2F7A,delivered,2023-04-24 06:37:03,2023-04-24 09:37:03,2023-04-26 09:37:03,2023-05-03 09:37:03,2023-05-04,False,251
ORD-1277,5E0395C3,delivered,2023-06-25 20:00:32,2023-06-25 21:00:32,2023-06-26 21:00:32,2023-06-29 21:00:32,2023-06-30,False,189
ORD-1278,171F3EAC,delivered,2023-02-11 00:48:05,2023-02-11 04:48:05,2023-02-13 04:48:05,2023-02-18 04:48:05,2023-02-17,False,323
ORD-1279,120CA02A,canceled,2023-05-20 03:28:51,,,,,False,225
ORD-1280,932391F9,delivered,2023-06-25 12:10:20,2023-06-25 15:10:20,2023-06-26 15:10:20,2023-06-28 15:10:20,2023-07-01,False,189
ORD-1281,49109F27,shipped,2023-11-17 22:28:55,2023-11-17 23:28:55,2023-11-18 23:28:55,,2023-11-26,False,44
ORD-1282,19FCBD58,shipped,2023-02-05 10:09:57,2023-02-05 13:09:57,2023-02-07 13:09:57,,2023-02-10,False,329
ORD-1283,3DB2504C,processing,2023-04-12 00:55:48,2023-04-12 02:55:48,,,2023-04-17,False,263
ORD-1284,7B084165,delivered,2023-11-28 21:27:41,2023-11-28 23:27:41,2023-11-29 23:27:41,2023-12-04 23:27:41,2023-12-03,False,33
ORD-1285,B0353AC9,delivered,2023-02-17 04:01:35,2023-02-17 06:01:35,2023-02-18 06:01:35,2023-02-21 06:01:35,2023-02-27,False,317
ORD-1286,E668A4FB,shipped,2023-09-24 12:38:32,2023-09-24 13:38:32,2023-09-26 13:38:32,,2023-09-30,False,98
ORD-1287,72D16EB4,delivered,2023-01-26 00:55:22,2023-01-26 04:55:22,2023-01-27 04:55:22,2023-01-29 04:55:22,2023-02-04,False,339
ORD-1288,B18BECF7,canceled,2023-01-17 13:57:30,,,,,False,348
ORD-1289,FF321F1B,canceled,2023-03-07 05:46:22,,,,,False,299
ORD-1290,4DEFB704,shipped,2023-11-16 02:39:46,2023-11-16 06:39:46,2023-11-17 06:39:46,,2023-11-26,False,45
ORD-1291,36CD62F0,delivered,2023-03-09 02:40:47,2023-03-09 04:40:47,2023-03-11 04:40:47,2023-03-15 04:40:47,2023-03-21,False,297
ORD-1292,808DB87D,delivered,2023-01-14 10:57:22,2023-01-14 12:57:22,2023-01-17 12:57:22,2023-01-21 12:57:22,2023-01-27,False,351
ORD-1293,1CE8DA1F,delivered,2023-12-09 20:05:33,2023-12-09 21:05:33,2023-12-10 21:05:33,2023-12-14 21:05:33,2023-12-19,True,22
ORD-1294,A98BD4CA,delivered,2023-06-12 19:33:06,2023-06-12 21:33:06,2023-06-15 21:33:06,2023-06-23 21:33:06,2023-06-18,False,202
ORD-1295,A6691779,shipped,2023-10-31 15:58:59,2023-10-31 19:58:59,2023-11-02 19:58:59,,2023-11-10,False,61
ORD-1296,C66039B6,delivered,2023-07-15 02:38:40,2023-07-15 05:38:40,2023-07-16 05:38:40,2023-07-18 05:38:40,2023-07-24,False,169
ORD-1297,BF85E663,processing,2023-01-12 09:07:40,2023-01-12 12:07:40,,,2023-01-17,False,353
ORD-1298,5406B5CC,delivered,2023-07-25 14:39:59,2023-07-25 16:39:59,2023-07-26 16:39:59,2023-07-28 16:39:59,2023-08-01,False,159
ORD-1299,29F2A289,delivered,2023-04-14 12:12:42,2023-04-14 13:12:42,2023-04-15 13:12:42,2023-04-21 13:12:42,2023-04-24,False,261
ORD-1300,A19E8562,processing,2023-12-30 04:45:07,2023-12-30 06:45:07,,,2024-01-06,False,1
ORD-1301,01CA2F7A,delivered,2023-08-19 02:40:55,2023-08-19 05:40:55,2023-08-22 05:40:55,2023-08-24 05:40:55,2023-08-30,False,134
ORD-1302,65D06423,delivered,2023-08-07 21:11:35,2023-08-07 23:11:35,2023-08-09 23:11:35,2023-08-15 23:11:35,2023-08-16,False,146
ORD-1303,038C1BBC,delivered,2023-07-10 11:11:55,2023-07-10 12:11:55,2023-07-11 12:11:55,2023-07-17 12:11:55,2023-07-17,False,174
ORD-1304,F5EDF9A3,delivered,2023-07-24 10:51:20,2023-07-24 13:51:20,2023-07-27 13:51:20,2023-07-30 13:51:20,2023-08-01,False,160
ORD-1305,5F21DC9E,delivered,2023-10-06 10:20:35,2023-10-06 13:20:35,2023-10-07 13:20:35,2023-10-09 13:20:35,2023-10-12,False,86
ORD-1306,5B7BC6D4,delivered,2023-10-28 17:37:08,2023-10-28 20:37:08,2023-10-29 20:37:08,2023-11-02 20:37:08,2023-11-07,False,64
ORD-1307,50345BE3,delivered,2023-05-11 16:58:35,2023-05-11 18:58:35,2023-05-12 18:58:35,2023-05-19 18:58:35,2023-05-21,False,234
ORD-1308,6A6C030A,delivered,2023-09-10 02:47:55,2023-09-10 05:47:55,2023-09-11 05:47:55,2023-09-18 05:47:55,2023-09-16,False,112
ORD-1309,A80CEFB9,shipped,2023-04-30 03:47:59,2023-04-30 06:47:59,2023-05-01 06:47:59,,2023-05-06,False,245
ORD-1310,4500CD43,canceled,2023-09-30 15:11:34,,,,,False,92
ORD-1311,9F4DF401,invoiced,2023-11-27 09:37:46,2023-11-27 14:37:46,,,2023-12-02,False,34
ORD-1312,A52B1FB6,delivered,2023-08-22 22:40:09,2023-08-23 00:40:09,2023-08-26 00:40:09,2023-09-01 00:40:09,2023-08-30,False,131
ORD-1313,ECF45610,delivered,2023-02-24 14:53:28,2023-02-24 15:53:28,2023-02-25 15:53:28,2023-03-01 15:53:28,2023-03-05,False,310
ORD-1314,7B31E78F,processing,2023-09-05 01:41:25,2023-09-05 02:41:25,,,2023-09-15,False,117
ORD-1315,1E556B3B,delivered,2023-01-05 10:12:53,2023-01-05 12:12:53,2023-01-08 12:12:53,2023-01-10 12:12:53,2023-01-16,False,360
ORD-1316,EBFDA1FF,delivered,2023-11-02 15:33:29,2023-11-02 16:33:29,2023-11-03 16:33:29,2023-11-08 16:33:29,2023-11-13,False,59
ORD-1317,B9A1EDE7,processing,2023-03-06 14:23:11,2023-03-06 18:23:11,,,2023-03-17,False,300
ORD-1318,7DC0E179,delivered,2023-08-01 01:18:44,2023-08-01 05:18:44,2023-08-04 05:18:44,2023-08-11 05:18:44,2023-08-10,False,152
ORD-1319,BB724B0E,delivered,2023-06-25 06:18:13,2023-06-25 07:18:13,2023-06-27 07:18:13,2023-06-29 07:18:13,2023-07-05,False,189
ORD-1320,6C1301E3,delivered,2023-02-10 16:06:29,2023-02-10 18:06:29,2023-02-12 18:06:29,2023-02-15 18:06:29,2023-02-16,False,324
ORD-1321,23ABA453,invoiced,2023-12-15 19:07:26,2023-12-15 22:07:26,,,2023-12-29,False,16
ORD-1322,C35B0B7E,delivered,2023-10-01 14:27:33,2023-10-01 16:27:33,2023-10-04 16:27:33,2023-10-09 16:27:33,2023-10-09,False,91
ORD-1323,5313C1AC,delivered,2023-02-09 07:47:28,2023-02-09 09:47:28,2023-02-11 09:47:28,2023-02-18 09:47:28,2023-02-18,False,325
ORD-1324,6FC922C6,delivered,2023-04-26 11:58:29,2023-04-26 12:58:29,2023-04-28 12:58:29,2023-05-04 12:58:29,2023-05-08,False,249
ORD-1325,4BD267A6,delivered,2023-01-22 04:01:19,2023-01-22 08:01:19,2023-01-23 08:01:19,2023-01-27 08:01:19,2023-02-02,False,343
ORD-1326,3416F317,delivered,2023-02-07 15:59:00,2023-02-07 17:59:00,2023-02-10 17:59:00,2023-02-14 17:59:00,2023-02-14,False,327
ORD-1327,ADB225B1,delivered,2023-11-24 16:29:52,2023-11-24 20:29:52,2023-11-26 20:29:52,2023-12-01 20:29:52,2023-12-03,False,37
ORD-1328,82F1CC2F,delivered,2023-09-07 06:37:41,2023-09-07 08:37:41,2023-09-09 08:37:41,2023-09-14 08:37:41,2023-09-17,False,115
ORD-1329,015F9CB2,delivered,2023-06-23 02:55:36,2023-06-23 06:55:36,2023-06-25 06:55:36,2023-06-29 06:55:36,2023-07-01,False,191
ORD-1330,24DD20C9,delivered,2023-08-08 03:09:33,2023-08-08 04:09:33,2023-08-09 04:09:33,2023-08-16 04:09:33,2023-08-17,False,145
ORD-1331,7ADA0D30,invoiced,2023-06-10 18:38:06,2023-06-10 23:38:06,,,2023-06-18,False,204
ORD-1332,D3528162,processing,2023-01-24 16:24:34,2023-01-24 21:24:34,,,2023-02-04,False,341
ORD-1333,120CA02A,processing,2023-09-24 19:56:14,2023-09-24 23:56:14,,,2023-10-08,False,98
ORD-1334,3994C417,delivered,2023-07-04 23:05:10,2023-07-05 03:05:10,2023-07-08 03:05:10,2023-07-10 03:05:10,2023-07-13,False,180
ORD-1335,EE93D84A,delivered,2023-10-22 01:30:38,2023-10-22 03:30:38,2023-10-23 03:30:38,2023-10-31 03:30:38,2023-10-29,False,70
ORD-1336,4BFAE7CA,delivered,2023-01-17 13:46:05,2023-01-17 17:46:05,2023-01-18 17:46:05,2023-01-26 17:46:05,2023-01-23,False,348
ORD-1337,447DBD48,canceled,2023-05-05 04:16:52,,,,,False,240
ORD-1338,8F065601,delivered,2023-02-03 19:09:16,2023-02-03 23:09:16,2023-02-06 23:09:16,2023-02-10 23:09:16,2023-02-13,False,331
ORD-1339,D1190880,canceled,2023-06-27 22:20:03,,,,,False,187
ORD-1340,F8864906,shipped,2023-11-02 11:10:59,2023-11-02 15:10:59,2023-11-03 15:10:59,,2023-11-12,False,59
ORD-1341,808DB87D,delivered,2023-02-27 13:19:18,2023-02-27 14:19:18,2023-02-28 14:19:18,2023-03-06 14:19:18,2023-03-04,False,307
ORD-1342,2A5CA070,delivered,2023-12-03 21:27:19,2023-12-04 00:27:19,2023-12-06 00:27:19,2023-12-10 00:27:19,2023-12-15,True,28
ORD-1343,49F71FE0,delivered,2023-08-11 03:38:34,2023-08-11 04:38:34,2023-08-12 04:38:34,2023-08-16 04:38:34,2023-08-21,False,142
ORD-1344,E9828A93,delivered,2023-08-29 02:27:22,2023-08-29 06:27:22,2023-08-30 06:27:22,2023-09-04 06:27:22,2023-09-07,False,124
ORD-1345,01CA2F7A,shipped,2023-01-20 03:25:30,2023-01-20 06:25:30,2023-01-22 06:25:30,,2023-01-25,False,345
ORD-1346,124477A8,shipped,2023-11-14 10:35:20,2023-11-14 13:35:20,2023-11-16 13:35:20,,2023-11-26,False,47
ORD-1347,C189FB48,delivered,2023-12-04 10:44:06,2023-12-04 13:44:06,2023-12-07 13:44:06,2023-12-12 13:44:06,2023-12-15,True,27
ORD-1348,24DD20C9,delivered,2023-10-11 00:54:10,2023-10-11 01:54:10,2023-10-12 01:54:10,2023-10-17 01:54:10,2023-10-18,False,81
ORD-1349,41F00E6E,delivered,2023-10-15 18:06:21,2023-10-15 21:06:21,2023-10-16 21:06:21,2023-10-22 21:06:21,2023-10-21,False,77
ORD-1350,E6C7A826,shipped,2023-05-01 19:52:38,2023-05-01 23:52:38,2023-05-02 23:52:38,,2023-05-05,False,244
ORD-1351,5CD0F6CF,processing,2023-03-16 20:41:07,2023-03-16 22:41:07,,,2023-03-21,False,290
ORD-1352,E79CC0BA,delivered,2023-01-13 20:14:40,2023-01-13 23:14:40,2023-01-16 23:14:40,2023-01-19 23:14:40,2023-01-23,False,352
ORD-1353,25652F40,delivered,2023-11-16 19:38:05,2023-11-16 23:38:05,2023-11-19 23:38:05,2023-11-21 23:38:05,2023-11-22,False,45
ORD-1354,29F2A289,delivered,2023-05-25 15:38:30,2023-05-25 19:38:30,2023-05-26 19:38:30,2023-06-03 19:38:30,2023-06-05,False,220
ORD-1355,4606D33D,delivered,2023-05-16 19:59:54,2023-05-16 22:59:54,2023-05-19 22:59:54,2023-05-27 22:59:54,2023-05-23,False,229
ORD-1356,959458D3,delivered,2023-01-11 15:51:25,2023-01-11 17:51:25,2023-01-14 17:51:25,2023-01-22 17:51:25,2023-01-20,False,354
ORD-1357,6C069DF9,delivered,2023-09-09 10:01:04,2023-09-09 12:01:04,2023-09-11 12:01:04,2023-09-18 12:01:04,2023-09-20,False,113
ORD-1358,928AF415,processing,2023-01-08 18:54:05,2023-01-09 00:54:05,,,2023-01-13,False,357
ORD-1359,ADB225B1,delivered,2023-12-20 23:56:22,2023-12-21 01:56:22,2023-12-24 01:56:22,2024-01-01 01:56:22,2023-12-27,True,11
ORD-1360,F56CF67B,delivered,2023-04-09 00:26:57,2023-04-09 03:26:57,2023-04-12 03:26:57,2023-04-19 03:26:57,2023-04-19,False,266
ORD-1361,A3ED0C05,delivered,2023-12-14 18:30:22,2023-12-14 21:30:22,2023-12-16 21:30:22,2023-12-20 21:30:22,2023-12-22,True,17
ORD-1362,99A6B9C8,shipped,2023-04-28 08:11:46,2023-04-28 12:11:46,2023-04-29 12:11:46,,2023-05-02,False,247
ORD-1363,97854430,canceled,2023-09-15 05:36:00,,,,,False,107
ORD-1364,3FAD766A,shipped,2023-08-07 01:09:34,2023-08-07 04:09:34,2023-08-09 04:09:34,,2023-08-13,False,146
ORD-1365,35925559,delivered,2023-01-25 19:00:16,2023-01-25 22:00:16,2023-01-28 22:00:16,2023-02-01 22:00:16,2023-02-04,False,340
ORD-1366,6C1301E3,shipped,2023-09-12 19:28:40,2023-09-12 22:28:40,2023-09-13 22:28:40,,2023-09-18,False,110
ORD-1367,7258EB8E,delivered,2023-10-25 06:44:18,2023-10-25 07:44:18,2023-10-28 07:44:18,2023-11-02 07:44:18,2023-11-05,False,67
ORD-1368,B0353AC9,delivered,2023-10-08 02:50:48,2023-10-08 06:50:48,2023-10-10 06:50:48,2023-10-14 06:50:48,2023-10-19,False,84
ORD-1369,7B084165,shipped,2023-05-31 18:59:04,2023-05-31 20:59:04,2023-06-02 20:59:04,,2023-06-08,False,214
ORD-1370,33793578,shipped,2023-09-05 21:30:49,2023-09-06 00:30:49,2023-09-08 00:30:49,,2023-09-13,False,117
ORD-1371,57E4608C,delivered,2023-03-12 08:18:30,2023-03-12 12:18:30,2023-03-13 12:18:30,2023-03-20 12:18:30,2023-03-20,False,294
ORD-1372,501769B7,canceled,2023-10-24 06:54:47,,,,,False,68
ORD-1373,FF7F8E60,delivered,2023-09-12 03:46:22,2023-09-12 06:46:22,2023-09-13 06:46:22,2023-09-20 06:46:22,2023-09-20,False,110
ORD-1374,6F8FA37F,processing,2023-11-03 01:32:06,2023-11-03 04:32:06,,,2023-11-12,False,58
ORD-1375,81F6C50A,delivered,2023-04-25 04:45:18,2023-04-25 05:45:18,2023-04-27 05:45:18,2023-04-29 05:45:18,2023-05-01,False,250
ORD-1376,5406B5CC,delivered,2023-12-12 10:03:06,2023-12-12 11:03:06,2023-12-15 11:03:06,2023-12-20 11:03:06,2023-12-22,True,19
ORD-1377,52BB98AA,processing,2023-01-21 23:53:38,2023-01-22 01:53:38,,,2023-01-28,False,344
ORD-1378,3416F317,delivered,2023-05-14 01:54:53,2023-05-14 05:54:53,2023-05-15 05:54:53,2023-05-19 05:54:53,2023-05-20,False,231
ORD-1379,8F6F08AE,delivered,2023-07-09 08:34:58,2023-07-09 10:34:58,2023-07-11 10:34:58,2023-07-18 10:34:58,2023-07-14,False,175
ORD-1380,DFFFD4E0,delivered,2023-06-25 13:26:29,2023-06-25 15:26:29,2023-06-28 15:26:29,2023-07-06 15:26:29,2023-07-03,False,189
ORD-1381,18FB9E58,shipped,2023-11-01 22:41:45,2023-11-01 23:41:45,2023-11-02 23:41:45,,2023-11-11,False,60
ORD-1382,0A57189F,delivered,2023-06-06 15:53:59,2023-06-06 19:53:59,2023-06-08 19:53:59,2023-06-10 19:53:59,2023-06-11,False,208
ORD-1383,33793578,shipped,2023-03-19 10:40:31,2023-03-19 11:40:31,2023-03-21 11:40:31,,2023-03-27,False,287
ORD-1384,8097BDC6,delivered,2023-09-20 19:44:59,2023-09-20 21:44:59,2023-09-21 21:44:59,2023-09-28 21:44:59,2023-09-29,False,102
ORD-1385,6D269C22,delivered,2023-02-20 01:43:19,2023-02-20 04:43:19,2023-02-21 04:43:19,2023-02-23 04:43:19,2023-02-24,False,314
ORD-1386,7FAEB651,delivered,2023-04-23 22:42:41,2023-04-24 01:42:41,2023-04-26 01:42:41,2023-05-03 01:42:41,2023-05-01,False,252
ORD-1387,A7B567EF,delivered,2023-12-17 01:30:20,2023-12-17 03:30:20,2023-12-18 03:30:20,2023-12-26 03:30:20,2023-12-27,True,14
ORD-1388,8097BDC6,delivered,2023-03-30 17:00:45,2023-03-30 19:00:45,2023-03-31 19:00:45,2023-04-07 19:00:45,2023-04-03,False,276
ORD-1389,870942B9,delivered,2023-03-07 15:03:07,2023-03-07 16:03:07,2023-03-09 16:03:07,2023-03-16 16:03:07,2023-03-16,False,299
ORD-1390,33793578,delivered,2023-08-31 00:02:13,2023-08-31 01:02:13,2023-09-03 01:02:13,2023-09-05 01:02:13,2023-09-06,False,122
ORD-1391,EC13F53B,delivered,2023-09-25 20:56:01,2023-09-26 00:56:01,2023-09-28 00:56:01,2023-09-30 00:56:01,2023-10-05,False,97
ORD-1392,ADB225B1,delivered,2023-09-30 13:53:09,2023-09-30 14:53:09,2023-10-02 14:53:09,2023-10-07 14:53:09,2023-10-06,False,92
ORD-1393,D1190880,shipped,2023-04-15 20:22:09,2023-04-15 22:22:09,2023-04-17 22:22:09,,2023-04-21,False,260
ORD-1394,97854430,delivered,2023-10-07 03:23:12,2023-10-07 06:23:12,2023-10-08 06:23:12,2023-10-16 06:23:12,2023-10-12,False,85
ORD-1395,ECF45610,delivered,2023-03-19 03:31:15,2023-03-19 06:31:15,2023-03-22 06:31:15,2023-03-25 06:31:15,2023-03-30,False,287
ORD-1396,E6DC95C4,delivered,2023-04-25 16:52:21,2023-04-25 20:52:21,2023-04-26 20:52:21,2023-05-03 20:52:21,2023-05-06,False,250
ORD-1397,ADA237BB,delivered,2023-04-02 01:44:51,2023-04-02 02:44:51,2023-04-03 02:44:51,2023-04-11 02:44:51,2023-04-13,False,273
ORD-1398,808DB87D,shipped,2023-02-04 23:37:52,2023-02-05 00:37:52,2023-02-06 00:37:52,,2023-02-13,False,330
ORD-1399,20F1B4F7,invoiced,2023-06-27 09:13:48,2023-06-27 12:13:48,,,2023-07-06,False,187
ORD-1400,A96E6D49,delivered,2023-01-20 10:46:52,2023-01-20 12:46:52,2023-01-21 12:46:52,2023-01-29 12:46:52,2023-01-28,False,345
ORD-1401,3E283C8B,shipped,2023-11-08 07:25:01,2023-11-08 11:25:01,2023-11-09 11:25:01,,2023-11-13,False,53
ORD-1402,D8FB15D4,processing,2023-01-04 18:09:09,2023-01-05 00:09:09,,,2023-01-11,False,361
ORD-1403,426B01C7,processing,2023-05-19 20:23:48,2023-05-20 01:23:48,,,2023-05-28,False,226
ORD-1404,EDAD7671,shipped,2023-05-25 17:05:24,2023-05-25 19:05:24,2023-05-26 19:05:24,,2023-06-04,False,220
ORD-1405,AE285A5D,delivered,2023-06-27 07:14:56,2023-06-27 11:14:56,2023-06-30 11:14:56,2023-07-08 11:14:56,2023-07-10,False,187
ORD-1406,6F8FA37F,processing,2023-09-09 23:41:15,2023-09-10 01:41:15,,,2023-09-15,False,113
ORD-1407,3603D99D,shipped,2023-09-28 08:46:24,2023-09-28 10:46:24,2023-09-29 10:46:24,,2023-10-08,False,94
ORD-1408,C35B0B7E,delivered,2023-11-08 13:38:59,2023-11-08 17:38:59,2023-11-09 17:38:59,2023-11-15 17:38:59,2023-11-18,False,53
ORD-1409,CFE89E95,delivered,2023-08-26 10:16:24,2023-08-26 12:16:24,2023-08-28 12:16:24,2023-09-02 12:16:24,2023-09-01,False,127
ORD-1410,1CE8DA1F,delivered,2023-06-21 03:30:31,2023-06-21 06:30:31,2023-06-24 06:30:31,2023-06-28 06:30:31,2023-06-27,False,193
ORD-1411,9082E6BF,shipped,2023-10-26 01:53:10,2023-10-26 03:53:10,2023-10-28 03:53:10,,2023-11-01,False,66
ORD-1412,4DEFB704,shipped,2023-09-14 23:36:52,2023-09-15 03:36:52,2023-09-17 03:36:52,,2023-09-26,False,108
ORD-1413,808DB87D,processing,2023-11-22 20:21:16,2023-11-23 01:21:16,,,2023-11-27,False,39
ORD-1414,8AE7BAAF,canceled,2023-09-07 20:54:38,,,,,False,115
ORD-1415,870942B9,delivered,2023-11-26 15:48:51,2023-11-26 19:48:51,2023-11-27 19:48:51,2023-11-29 19:48:51,2023-12-07,False,35
ORD-1416,1DF0154A,delivered,2023-04-04 13:16:28,2023-04-04 16:16:28,2023-04-05 16:16:28,2023-04-11 16:16:28,2023-04-11,False,271
ORD-1417,30F3ADFE,delivered,2023-09-07 20:09:07,2023-09-07 22:09:07,2023-09-08 22:09:07,2023-09-13 22:09:07,2023-09-18,False,115
ORD-1418,E2EEE39E,delivered,2023-06-24 00:34:53,2023-06-24 04:34:53,2023-06-26 04:34:53,2023-06-30 04:34:53,2023-06-30,False,190
ORD-1419,ECF45610,shipped,2023-10-17 10:07:50,2023-10-17 11:07:50,2023-10-19 11:07:50,,2023-10-28,False,75
ORD-1420,9DDD81D8,delivered,2023-08-05 08:50:14,2023-08-05 09:50:14,2023-08-08 09:50:14,2023-08-14 09:50:14,2023-08-15,False,148
ORD-1421,831F2FFE,delivered,2023-08-07 09:19:10,2023-08-07 13:19:10,2023-08-09 13:19:10,2023-08-13 13:19:10,2023-08-12,False,146
ORD-1422,F56CF67B,delivered,2023-11-24 21:36:32,2023-11-25 01:36:32,2023-11-28 01:36:32,2023-12-05 01:36:32,2023-12-06,False,37
ORD-1423,53FFCE78,delivered,2023-02-14 06:46:29,2023-02-14 08:46:29,2023-02-15 08:46:29,2023-02-19 08:46:29,2023-02-23,False,320
ORD-1424,C0507535,delivered,2023-08-01 16:50:46,2023-08-01 17:50:46,2023-08-02 17:50:46,2023-08-05 17:50:46,2023-08-12,False,152
ORD-1425,B0353AC9,shipped,2023-11-16 04:05:29,2023-11-16 08:05:29,2023-11-17 08:05:29,,2023-11-24,False,45
ORD-1426,C663B53F,delivered,2023-03-14 20:01:52,2023-03-15 00:01:52,2023-03-16 00:01:52,2023-03-21 00:01:52,2023-03-22,False,292
ORD-1427,7AB289F5,shipped,2023-02-11 20:26:58,2023-02-11 21:26:58,2023-02-12 21:26:58,,2023-02-22,False,323
ORD-1428,013D341C,delivered,2023-09-13 17:15:40,2023-09-13 19:15:40,2023-09-15 19:15:40,2023-09-17 19:15:40,2023-09-18,False,109
ORD-1429,D3528162,delivered,2023-12-30 05:42:18,2023-12-30 09:42:18,2024-01-02 09:42:18,2024-01-10 09:42:18,2024-01-07,True,1
ORD-1430,90A903E4,shipped,2023-03-09 10:32:16,2023-03-09 12:32:16,2023-03-10 12:32:16,,2023-03-19,False,297
ORD-1431,1DF0154A,processing,2023-07-15 18:38:48,2023-07-15 22:38:48,,,2023-07-29,False,169
ORD-1432,E79CC0BA,delivered,2023-04-17 06:05:54,2023-04-17 09:05:54,2023-04-19 09:05:54,2023-04-24 09:05:54,2023-04-24,False,258
ORD-1433,A98BD4CA,delivered,2023-06-10 07:03:59,2023-06-10 10:03:59,2023-06-13 10:03:59,2023-06-19 10:03:59,2023-06-21,False,204
ORD-1434,D3528162,delivered,2023-09-03 16:06:12,2023-09-03 18:06:12,2023-09-06 18:06:12,2023-09-13 18:06:12,2023-09-13,False,119
ORD-1435,78E7B8F2,shipped,2023-12-24 18:07:46,2023-12-24 20:07:46,2023-12-26 20:07:46,,2023-12-30,False,7
ORD-1436,392B6850,delivered,2023-08-07 08:49:53,2023-08-07 12:49:53,2023-08-10 12:49:53,2023-08-17 12:49:53,2023-08-17,False,146
ORD-1437,A3ED0C05,delivered,2023-11-10 21:56:47,2023-11-10 22:56:47,2023-11-11 22:56:47,2023-11-16 22:56:47,2023-11-16,False,51
ORD-1438,5313C1AC,delivered,2023-09-18 07:13:18,2023-09-18 10:13:18,2023-09-19 10:13:18,2023-09-23 10:13:18,2023-09-26,False,104
ORD-1439,01A064F6,delivered,2023-11-22 23:36:20,2023-11-23 02:36:20,2023-11-24 02:36:20,2023-12-02 02:36:20,2023-11-27,False,39
ORD-1440,CFE89E95,delivered,2023-11-13 03:16:27,2023-11-13 05:16:27,2023-11-16 05:16:27,2023-11-23 05:16:27,2023-11-25,False,48
ORD-1441,01CA2F7A,shipped,2023-07-18 10:08:27,2023-07-18 13:08:27,2023-07-19 13:08:27,,2023-07-28,False,166
ORD-1442,0E11974E,canceled,2023-06-11 18:40:43,,,,,False,203
ORD-1443,4A657906,delivered,2023-08-03 10:10:27,2023-08-03 13:10:27,2023-08-04 13:10:27,2023-08-10 13:10:27,2023-08-14,False,150
ORD-1444,1D903DC8,shipped,2023-12-20 23:40:07,2023-12-21 02:40:07,2023-12-22 02:40:07,,2023-12-28,False,11
ORD-1445,22D77CA6,delivered,2023-06-24 07:15:29,2023-06-24 08:15:29,2023-06-25 08:15:29,2023-06-28 08:15:29,2023-06-29,False,190
ORD-1446,A80CEFB9,delivered,2023-01-16 18:44:18,2023-01-16 21:44:18,2023-01-17 21:44:18,2023-01-20 21:44:18,2023-01-24,False,349
ORD-1447,DFFFD4E0,delivered,2023-05-09 09:04:06,2023-05-09 11:04:06,2023-05-10 11:04:06,2023-05-13 11:04:06,2023-05-18,False,236
ORD-1448,C13F73F8,canceled,2023-10-28 11:02:33,,,,,False,64
ORD-1449,5F2A0CF3,shipped,2023-07-10 12:15:58,2023-07-10 15:15:58,2023-07-11 15:15:58,,2023-07-19,False,174
ORD-1450,26A79147,canceled,2023-03-27 10:11:40,,,,,False,279
ORD-1451,D1190880,shipped,2023-01-27 11:27:02,2023-01-27 13:27:02,2023-01-29 13:27:02,,2023-02-07,False,338
ORD-1452,EDAD7671,delivered,2023-05-16 16:40:17,2023-05-16 18:40:17,2023-05-19 18:40:17,2023-05-23 18:40:17,2023-05-27,False,229
ORD-1453,3E283C8B,delivered,2023-04-25 00:18:40,2023-04-25 04:18:40,2023-04-28 04:18:40,2023-05-06 04:18:40,2023-05-01,False,250
ORD-1454,EDD09C0E,delivered,2023-09-17 18:57:30,2023-09-17 20:57:30,2023-09-20 20:57:30,2023-09-26 20:57:30,2023-09-26,False,105
ORD-1455,2AE532CD,processing,2023-09-23 01:50:23,2023-09-23 05:50:23,,,2023-09-29,False,99
ORD-1456,892555F4,delivered,2023-04-10 15:35:50,2023-04-10 18:35:50,2023-04-11 18:35:50,2023-04-17 18:35:50,2023-04-19,False,265
ORD-1457,08C02C3F,delivered,2023-11-08 18:47:39,2023-11-08 22:47:39,2023-11-09 22:47:39,2023-11-13 22:47:39,2023-11-15,False,53
ORD-1458,1DF0154A,delivered,2023-07-19 13:50:44,2023-07-19 14:50:44,2023-07-20 14:50:44,2023-07-28 14:50:44,2023-07-23,False,165
ORD-1459,E6C7A826,shipped,2023-03-23 20:37:32,2023-03-23 22:37:32,2023-03-25 22:37:32,,2023-03-29,False,283
ORD-1460,AEFAC9E4,processing,2023-07-28 20:13:57,2023-07-29 02:13:57,,,2023-08-08,False,156
ORD-1461,8BE9E4D7,shipped,2023-10-18 01:31:37,2023-10-18 02:31:37,2023-10-20 02:31:37,,2023-10-28,False,74
ORD-1462,B60806BD,delivered,2023-02-03 23:45:14,2023-02-04 01:45:14,2023-02-06 01:45:14,2023-02-12 01:45:14,2023-02-10,False,331
ORD-1463,A2700B09,delivered,2023-11-16 02:02:49,2023-11-16 05:02:49,2023-11-18 05:02:49,2023-11-23 05:02:49,2023-11-28,False,45
ORD-1464,7B084165,delivered,2023-06-18 04:05:09,2023-06-18 08:05:09,2023-06-21 08:05:09,2023-06-23 08:05:09,2023-06-24,False,196
ORD-1465,BDE58DB3,shipped,2023-10-21 14:03:48,2023-10-21 15:03:48,2023-10-22 15:03:48,,2023-10-30,False,71
ORD-1466,E9B0ED7F,delivered,2023-02-11 05:15:17,2023-02-11 08:15:17,2023-02-14 08:15:17,2023-02-16 08:15:17,2023-02-21,False,323
ORD-1467,F6113470,delivered,2023-05-29 03:01:55,2023-05-29 04:01:55,2023-05-31 04:01:55,2023-06-03 04:01:55,2023-06-06,False,216
ORD-1468,69413040,delivered,2023-10-18 00:15:03,2023-10-18 03:15:03,2023-10-21 03:15:03,2023-10-24 03:15:03,2023-10-28,False,74
ORD-1469,3FAD766A,delivered,2023-01-05 07:55:38,2023-01-05 09:55:38,2023-01-06 09:55:38,2023-01-08 09:55:38,2023-01-09,False,360
ORD-1470,E2EEE39E,delivered,2023-08-20 17:13:35,2023-08-20 18:13:35,2023-08-22 18:13:35,2023-08-25 18:13:35,2023-08-30,False,133
ORD-1471,A32C3669,processing,2023-06-10 06:13:07,2023-06-10 11:13:07,,,2023-06-17,False,204
ORD-1472,5711A536,delivered,2023-03-13 10:56:11,2023-03-13 13:56:11,2023-03-14 13:56:11,2023-03-16 13:56:11,2023-03-19,False,293
ORD-1473,65D06423,delivered,2023-11-27 23:33:22,2023-11-28 03:33:22,2023-12-01 03:33:22,2023-12-07 03:33:22,2023-12-05,False,34
ORD-1474,3519E4E2,delivered,2023-09-18 20:33:37,2023-09-18 21:33:37,2023-09-19 21:33:37,2023-09-26 21:33:37,2023-09-29,False,104
ORD-1475,ADA237BB,delivered,2023-05-19 16:46:14,2023-05-19 18:46:14,2023-05-20 18:46:14,2023-05-24 18:46:14,2023-05-24,False,226
ORD-1476,C73BDF79,delivered,2023-05-04 09:58:46,2023-05-04 12:58:46,2023-05-07 12:58:46,2023-05-14 12:58:46,2023-05-14,False,241
ORD-1477,81F6C50A,delivered,2023-03-01 04:25:26,2023-03-01 07:25:26,2023-03-03 07:25:26,2023-03-08 07:25:26,2023-03-08,False,305
ORD-1478,DFFFD4E0,delivered,2023-05-02 15:22:24,2023-05-02 17:22:24,2023-05-05 17:22:24,2023-05-12 17:22:24,2023-05-14,False,243
ORD-1479,6723BC6D,delivered,2023-11-23 06:23:35,2023-11-23 09:23:35,2023-11-25 09:23:35,2023-11-30 09:23:35,2023-12-05,False,38
ORD-1480,CFE89E95,delivered,2023-10-28 21:21:05,2023-10-28 22:21:05,2023-10-29 22:21:05,2023-11-05 22:21:05,2023-11-02,False,64
ORD-1481,8F66E97F,processing,2023-11-30 11:47:28,2023-11-30 16:47:28,,,2023-12-08,False,31
ORD-1482,EFD7F66B,processing,2023-10-12 21:07:52,2023-10-12 22:07:52,,,2023-10-18,False,80
ORD-1483,8097BDC6,delivered,2023-11-26 22:43:38,2023-11-26 23:43:38,2023-11-29 23:43:38,2023-12-05 23:43:38,2023-12-08,False,35
ORD-1484,A32C3669,delivered,2023-12-18 23:21:41,2023-12-19 02:21:41,2023-12-22 02:21:41,2023-12-28 02:21:41,2024-01-01,True,13
ORD-1485,808DB87D,delivered,2023-05-23 01:40:36,2023-05-23 04:40:36,2023-05-24 04:40:36,2023-05-29 04:40:36,2023-05-28,False,222
ORD-1486,84496A78,delivered,2023-05-22 07:28:22,2023-05-22 09:28:22,2023-05-25 09:28:22,2023-06-01 09:28:22,2023-05-30,False,223
ORD-1487,08C02C3F,delivered,2023-02-24 12:20:58,2023-02-24 14:20:58,2023-02-27 14:20:58,2023-03-05 14:20:58,2023-03-04,False,310
ORD-1488,C35B0B7E,delivered,2023-05-20 08:13:00,2023-05-20 12:13:00,2023-05-21 12:13:00,2023-05-23 12:13:00,2023-05-28,False,225
ORD-1489,809F0A73,delivered,2023-04-01 21:12:43,2023-04-01 23:12:43,2023-04-04 23:12:43,2023-04-12 23:12:43,2023-04-12,False,274
ORD-1490,0E11974E,canceled,2023-07-02 09:40:51,,,,,False,182
ORD-1491,D8FB15D4,invoiced,2023-01-16 11:56:19,2023-01-16 14:56:19,,,2023-01-22,False,349
ORD-1492,D1190880,processing,2023-09-04 01:16:20,2023-09-04 07:16:20,,,2023-09-13,False,118
ORD-1493,90A903E4,delivered,2023-07-31 09:42:37,2023-07-31 13:42:37,2023-08-03 13:42:37,2023-08-08 13:42:37,2023-08-11,False,153
ORD-1494,75EE3D85,delivered,2023-07-20 15:38:50,2023-07-20 17:38:50,2023-07-23 17:38:50,2023-07-28 17:38:50,2023-07-31,False,164
ORD-1495,78E7B8F2,shipped,2023-07-09 01:52:43,2023-07-09 02:52:43,2023-07-10 02:52:43,,2023-07-20,False,175
ORD-1496,6EAC63E9,delivered,2023-03-31 07:40:09,2023-03-31 10:40:09,2023-04-01 10:40:09,2023-04-04 10:40:09,2023-04-06,False,275
ORD-1497,2497A702,delivered,2023-05-21 16:09:45,2023-05-21 17:09:45,2023-05-24 17:09:45,2023-05-27 17:09:45,2023-06-02,False,224
ORD-1498,ADA237BB,delivered,2023-10-07 17:16:09,2023-10-07 21:16:09,2023-10-09 21:16:09,2023-10-12 21:16:09,2023-10-14,False,85
ORD-1499,1CE8DA1F,delivered,2023-01-09 17:12:44,2023-01-09 19:12:44,2023-01-12 19:12:44,2023-01-18 19:12:44,2023-01-17,False,356
ORD-1500,AB0ADF6D,delivered,2023-09-02 11:44:31,2023-09-02 13:44:31,2023-09-03 13:44:31,2023-09-06 13:44:31,2023-09-10,False,120
ORD-1501,3E6693F5,canceled,2023-07-20 15:26:24,,,,,False,164
ORD-1502,2EE544FC,delivered,2023-09-05 15:04:27,2023-09-05 18:04:27,2023-09-06 18:04:27,2023-09-09 18:04:27,2023-09-16,False,117
ORD-1503,5406B5CC,delivered,2023-12-03 19:50:39,2023-12-03 21:50:39,2023-12-05 21:50:39,2023-12-11 21:50:39,2023-12-10,True,28
ORD-1504,FC939048,shipped,2023-11-15 15:10:40,2023-11-15 18:10:40,2023-11-16 18:10:40,,2023-11-24,False,46
ORD-1505,780E2453,delivered,2023-08-20 16:05:38,2023-08-20 18:05:38,2023-08-22 18:05:38,2023-08-27 18:05:38,2023-08-27,False,133
ORD-1506,18B38E7F,delivered,2023-01-07 10:22:29,2023-01-07 14:22:29,2023-01-08 14:22:29,2023-01-14 14:22:29,2023-01-12,False,358
ORD-1507,11011A0E,processing,2023-07-04 19:25:20,2023-07-05 00:25:20,,,2023-07-09,False,180
ORD-1508,BC8D9355,shipped,2023-07-15 11:22:05,2023-07-15 12:22:05,2023-07-17 12:22:05,,2023-07-22,False,169
ORD-1509,65AD1E3F,delivered,2023-11-18 09:03:43,2023-11-18 13:03:43,2023-11-21 13:03:43,2023-11-26 13:03:43,2023-11-29,False,43
ORD-1510,505E81BA,delivered,2023-09-28 22:30:08,2023-09-29 00:30:08,2023-10-01 00:30:08,2023-10-09 00:30:08,2023-10-10,False,94
ORD-1511,7DC0E179,shipped,2023-08-17 18:19:33,2023-08-17 19:19:33,2023-08-19 19:19:33,,2023-08-24,False,136
ORD-1512,A225A8E5,shipped,2023-07-05 07:16:43,2023-07-05 08:16:43,2023-07-07 08:16:43,,2023-07-16,False,179
ORD-1513,EBFDA1FF,delivered,2023-03-15 09:48:12,2023-03-15 10:48:12,2023-03-18 10:48:12,2023-03-24 10:48:12,2023-03-22,False,291
ORD-1514,D1190880,delivered,2023-01-03 19:03:12,2023-01-03 21:03:12,2023-01-06 21:03:12,2023-01-14 21:03:12,2023-01-14,False,362
ORD-1515,E6DC95C4,delivered,2023-05-21 16:35:57,2023-05-21 20:35:57,2023-05-24 20:35:57,2023-05-30 20:35:57,2023-05-31,False,224
ORD-1516,6C1301E3,delivered,2023-11-29 00:57:45,2023-11-29 03:57:45,2023-12-02 03:57:45,2023-12-06 03:57:45,2023-12-11,False,32
ORD-1517,48BD7333,delivered,2023-06-10 11:33:56,2023-06-10 15:33:56,2023-06-11 15:33:56,2023-06-15 15:33:56,2023-06-21,False,204
ORD-1518,6C4D8403,delivered,2023-04-30 02:12:50,2023-04-30 06:12:50,2023-05-03 06:12:50,2023-05-06 06:12:50,2023-05-07,False,245
ORD-1519,35A9A9EA,shipped,2023-06-23 10:33:57,2023-06-23 12:33:57,2023-06-24 12:33:57,,2023-06-30,False,191
ORD-1520,831F2FFE,shipped,2023-06-05 13:29:53,2023-06-05 14:29:53,2023-06-06 14:29:53,,2023-06-15,False,209
ORD-1521,DFFFD4E0,delivered,2023-11-09 09:15:57,2023-11-09 11:15:57,2023-11-11 11:15:57,2023-11-17 11:15:57,2023-11-20,False,52
ORD-1522,633E36CD,delivered,2023-01-25 21:16:23,2023-01-26 00:16:23,2023-01-27 00:16:23,2023-02-02 00:16:23,2023-01-30,False,340
ORD-1523,0BD3D6B1,invoiced,2023-12-28 10:36:46,2023-12-28 15:36:46,,,2024-01-10,False,3
ORD-1524,2A5CA070,canceled,2023-10-04 08:38:49,,,,,False,88
ORD-1525,A1B5AAA3,processing,2023-10-28 10:33:12,2023-10-28 16:33:12,,,2023-11-09,False,64
ORD-1526,F6113470,delivered,2023-01-05 03:49:41,2023-01-05 06:49:41,2023-01-06 06:49:41,2023-01-08 06:49:41,2023-01-12,False,360
ORD-1527,ECF6E8EC,delivered,2023-09-19 18:21:45,2023-09-19 20:21:45,2023-09-22 20:21:45,2023-09-24 20:21:45,2023-09-27,False,103
ORD-1528,087493F1,shipped,2023-04-18 03:55:04,2023-04-18 06:55:04,2023-04-20 06:55:04,,2023-04-29,False,257
ORD-1529,3416F317,delivered,2023-07-21 01:42:42,2023-07-21 02:42:42,2023-07-22 02:42:42,2023-07-28 02:42:42,2023-07-29,False,163
ORD-1530,501769B7,delivered,2023-12-22 08:30:06,2023-12-22 11:30:06,2023-12-24 11:30:06,2023-12-27 11:30:06,2023-12-30,True,9
ORD-1531,780E2453,delivered,2023-12-28 01:33:39,2023-12-28 02:33:39,2023-12-30 02:33:39,2024-01-02 02:33:39,2024-01-08,True,3
ORD-1532,85511DF2,delivered,2023-02-11 08:19:31,2023-02-11 11:19:31,2023-02-13 11:19:31,2023-02-15 11:19:31,2023-02-20,False,323
ORD-1533,A57066F2,shipped,2023-11-12 19:04:57,2023-11-12 22:04:57,2023-11-14 22:04:57,,2023-11-23,False,49
ORD-1534,2EE544FC,shipped,2023-07-07 19:45:26,2023-07-07 22:45:26,2023-07-09 22:45:26,,2023-07-19,False,177
ORD-1535,9DB78FD3,delivered,2023-07-07 04:17:15,2023-07-07 05:17:15,2023-07-09 05:17:15,2023-07-16 05:17:15,2023-07-15,False,177
ORD-1536,35A9A9EA,delivered,2023-11-07 18:02:41,2023-11-07 21:02:41,2023-11-10 21:02:41,2023-11-16 21:02:41,2023-11-13,False,54
ORD-1537,EFD7F66B,delivered,2023-04-07 09:55:43,2023-04-07 13:55:43,2023-04-10 13:55:43,2023-04-17 13:55:43,2023-04-18,False,268
ORD-1538,27682BB7,canceled,2023-08-04 08:47:40,,,,,False,149
ORD-1539,8CB2B9B7,delivered,2023-05-02 21:30:22,2023-05-03 00:30:22,2023-05-04 00:30:22,2023-05-11 00:30:22,2023-05-10,False,243
ORD-1540,0AFC6008,delivered,2023-10-14 06:23:02,2023-10-14 08:23:02,2023-10-16 08:23:02,2023-10-19 08:23:02,2023-10-22,False,78
ORD-1541,5C77D51D,delivered,2023-11-21 06:12:33,2023-11-21 09:12:33,2023-11-22 09:12:33,2023-11-30 09:12:33,2023-11-26,False,40
ORD-1542,EE93D84A,delivered,2023-12-24 08:46:30,2023-12-24 12:46:30,2023-12-27 12:46:30,2023-12-29 12:46:30,2023-12-30,True,7
ORD-1543,35925559,shipped,2023-05-25 03:48:08,2023-05-25 07:48:08,2023-05-27 07:48:08,,2023-06-06,False,220
ORD-1544,A52B1FB6,canceled,2023-10-24 19:26:28,,,,,False,68
ORD-1545,8F66E97F,delivered,2023-06-04 12:30:20,2023-06-04 14:30:20,2023-06-05 14:30:20,2023-06-11 14:30:20,2023-06-14,False,210
ORD-1546,715C686D,delivered,2023-07-30 00:19:21,2023-07-30 03:19:21,2023-08-01 03:19:21,2023-08-09 03:19:21,2023-08-06,False,154
ORD-1547,013D341C,shipped,2023-02-16 17:54:45,2023-02-16 21:54:45,2023-02-18 21:54:45,,2023-02-21,False,318
ORD-1548,F8864906,delivered,2023-09-19 19:05:45,2023-09-19 20:05:45,2023-09-21 20:05:45,2023-09-25 20:05:45,2023-09-28,False,103
ORD-1549,015F9CB2,delivered,2023-08-02 00:58:53,2023-08-02 03:58:53,2023-08-04 03:58:53,2023-08-10 03:58:53,2023-08-12,False,151
ORD-1550,0B643D4A,delivered,2023-03-13 10:11:58,2023-03-13 12:11:58,2023-03-15 12:11:58,2023-03-22 12:11:58,2023-03-23,False,293
ORD-1551,8BF384C7,delivered,2023-11-28 18:53:46,2023-11-28 22:53:46,2023-11-29 22:53:46,2023-12-05 22:53:46,2023-12-04,False,33
ORD-1552,A2700B09,delivered,2023-09-24 10:05:40,2023-09-24 11:05:40,2023-09-27 11:05:40,2023-10-01 11:05:40,2023-10-03,False,98
ORD-1553,AEBC220F,processing,2023-06-17 20:34:14,2023-06-17 22:34:14,,,2023-06-24,False,197
ORD-1554,808DB87D,shipped,2023-07-03 16:33:30,2023-07-03 18:33:30,2023-07-05 18:33:30,,2023-07-15,False,181
ORD-1555,AB0ADF6D,processing,2023-12-13 21:53:01,2023-12-14 02:53:01,,,2023-12-26,False,18
ORD-1556,DBD053B8,delivered,2023-11-01 23:50:00,2023-11-02 02:50:00,2023-11-05 02:50:00,2023-11-13 02:50:00,2023-11-08,False,60
ORD-1557,84496A78,shipped,2023-02-08 10:30:43,2023-02-08 11:30:43,2023-02-09 11:30:43,,2023-02-16,False,326
ORD-1558,8CB2B9B7,shipped,2023-11-22 19:46:59,2023-11-22 23:46:59,2023-11-24 23:46:59,,2023-12-01,False,39
ORD-1559,3E283C8B,delivered,2023-05-20 22:18:02,2023-05-21 01:18:02,2023-05-23 01:18:02,2023-05-25 01:18:02,2023-06-01,False,225
ORD-1560,B18BECF7,processing,2023-05-17 08:24:01,2023-05-17 13:24:01,,,2023-05-25,False,228
ORD-1561,8A6A88B9,shipped,2023-08-12 15:43:31,2023-08-12 17:43:31,2023-08-14 17:43:31,,2023-08-22,False,141
ORD-1562,F9EA111E,delivered,2023-09-19 10:36:43,2023-09-19 14:36:43,2023-09-20 14:36:43,2023-09-25 14:36:43,2023-09-27,False,103
ORD-1563,A96E6D49,canceled,2023-09-03 07:59:03,,,,,False,119
ORD-1564,7B31E78F,shipped,2023-09-06 18:38:39,2023-09-06 21:38:39,2023-09-08 21:38:39,,2023-09-17,False,116
ORD-1565,8BE9E4D7,delivered,2023-01-31 17:22:35,2023-01-31 19:22:35,2023-02-02 19:22:35,2023-02-06 19:22:35,2023-02-09,False,334
ORD-1566,0AD5C52A,shipped,2023-08-24 02:35:48,2023-08-24 05:35:48,2023-08-26 05:35:48,,2023-09-03,False,129
ORD-1567,D1190880,delivered,2023-06-24 20:59:40,2023-06-24 22:59:40,2023-06-25 22:59:40,2023-06-28 22:59:40,2023-07-01,False,190
ORD-1568,8E97383C,shipped,2023-10-16 21:25:14,2023-10-16 22:25:14,2023-10-17 22:25:14,,2023-10-22,False,76
ORD-1569,84496A78,delivered,2023-02-10 00:06:59,2023-02-10 04:06:59,2023-02-13 04:06:59,2023-02-15 04:06:59,2023-02-16,False,324
ORD-1570,84496A78,shipped,2023-07-23 11:52:24,2023-07-23 12:52:24,2023-07-24 12:52:24,,2023-07-31,False,161
ORD-1571,171F3EAC,shipped,2023-02-02 17:50:16,2023-02-02 21:50:16,2023-02-04 21:50:16,,2023-02-10,False,332
ORD-1572,B4F450DA,delivered,2023-10-14 10:52:01,2023-10-14 12:52:01,2023-10-15 12:52:01,2023-10-21 12:52:01,2023-10-20,False,78
ORD-1573,9DB78FD3,shipped,2023-01-14 15:40:05,2023-01-14 18:40:05,2023-01-16 18:40:05,,2023-01-26,False,351
ORD-1574,65AD1E3F,delivered,2023-12-30 01:30:14,2023-12-30 05:30:14,2023-12-31 05:30:14,2024-01-07 05:30:14,2024-01-05,True,1
ORD-1575,E3F28F66,shipped,2023-09-03 01:47:21,2023-09-03 05:47:21,2023-09-05 05:47:21,,2023-09-13,False,119
ORD-1576,35925559,delivered,2023-07-29 14:04:17,2023-07-29 15:04:17,2023-07-31 15:04:17,2023-08-04 15:04:17,2023-08-08,False,155
ORD-1577,52BB98AA,delivered,2023-04-11 21:34:37,2023-04-11 22:34:37,2023-04-12 22:34:37,2023-04-18 22:34:37,2023-04-17,False,264
ORD-1578,78E7B8F2,delivered,2023-04-22 08:49:04,2023-04-22 09:49:04,2023-04-25 09:49:04,2023-04-30 09:49:04,2023-05-05,False,253
ORD-1579,3DB2504C,shipped,2023-01-04 13:07:19,2023-01-04 16:07:19,2023-01-05 16:07:19,,2023-01-08,False,361
ORD-1580,23ABA453,delivered,2023-05-26 02:36:48,2023-05-26 06:36:48,2023-05-28 06:36:48,2023-05-31 06:36:48,2023-06-02,False,219
ORD-1581,131D78BC,delivered,2023-11-18 17:29:52,2023-11-18 20:29:52,2023-11-19 20:29:52,2023-11-24 20:29:52,2023-11-25,False,43
ORD-1582,7258EB8E,shipped,2023-10-24 22:00:48,2023-10-25 01:00:48,2023-10-27 01:00:48,,2023-11-03,False,68
ORD-1583,52BB98AA,processing,2023-03-15 00:17:34,2023-03-15 02:17:34,,,2023-03-22,False,291
ORD-1584,3519E4E2,shipped,2023-02-12 20:35:44,2023-02-13 00:35:44,2023-02-15 00:35:44,,2023-02-25,False,322
ORD-1585,32FADC0C,delivered,2023-05-05 12:36:58,2023-05-05 13:36:58,2023-05-08 13:36:58,2023-05-10 13:36:58,2023-05-13,False,240
ORD-1586,ABA7E283,delivered,2023-04-20 13:29:53,2023-04-20 17:29:53,2023-04-23 17:29:53,2023-04-25 17:29:53,2023-04-29,False,255
ORD-1587,82F1CC2F,delivered,2023-02-28 12:28:25,2023-02-28 14:28:25,2023-03-02 14:28:25,2023-03-07 14:28:25,2023-03-09,False,306
ORD-1588,0AFC6008,delivered,2023-05-25 05:40:18,2023-05-25 06:40:18,2023-05-27 06:40:18,2023-05-29 06:40:18,2023-06-01,False,220
ORD-1589,079D4343,shipped,2023-04-14 11:59:36,2023-04-14 12:59:36,2023-04-16 12:59:36,,2023-04-21,False,261
ORD-1590,CD2746FC,processing,2023-12-14 20:31:10,2023-12-15 00:31:10,,,2023-12-19,False,17
ORD-1591,B18BECF7,shipped,2023-10-26 07:38:11,2023-10-26 11:38:11,2023-10-28 11:38:11,,2023-11-03,False,66
ORD-1592,5BB1F2BD,delivered,2023-03-19 08:29:27,2023-03-19 09:29:27,2023-03-22 09:29:27,2023-03-29 09:29:27,2023-03-28,False,287
ORD-1593,ADB225B1,shipped,2023-06-01 02:53:19,2023-06-01 05:53:19,2023-06-03 05:53:19,,2023-06-08,False,213
ORD-1594,622286D6,canceled,2023-10-17 05:20:10,,,,,False,75
ORD-1595,D1190880,delivered,2023-02-17 10:26:29,2023-02-17 13:26:29,2023-02-18 13:26:29,2023-02-22 13:26:29,2023-02-21,False,317
ORD-1596,82088E1B,delivered,2023-02-13 20:34:10,2023-02-14 00:34:10,2023-02-16 00:34:10,2023-02-18 00:34:10,2023-02-21,False,321
ORD-1597,6723BC6D,delivered,2023-08-16 01:46:11,2023-08-16 03:46:11,2023-08-17 03:46:11,2023-08-19 03:46:11,2023-08-27,False,137
ORD-1598,171F3EAC,shipped,2023-05-25 05:41:11,2023-05-25 07:41:11,2023-05-26 07:41:11,,2023-06-05,False,220
ORD-1599,82F1CC2F,delivered,2023-09-24 09:28:02,2023-09-24 10:28:02,2023-09-25 10:28:02,2023-09-29 10:28:02,2023-09-30,False,98
ORD-1600,120CA02A,delivered,2023-11-04 09:00:00,2023-11-04 13:00:00,2023-11-05 13:00:00,2023-11-09 13:00:00,2023-11-13,False,57
ORD-1601,F6113470,delivered,2023-10-12 17:48:54,2023-10-12 21:48:54,2023-10-14 21:48:54,2023-10-21 21:48:54,2023-10-19,False,80
ORD-1602,8E97383C,delivered,2023-12-16 00:08:48,2023-12-16 04:08:48,2023-12-19 04:08:48,2023-12-23 04:08:48,2023-12-29,True,15
ORD-1603,DEE3D6A2,delivered,2023-08-09 02:02:34,2023-08-09 05:02:34,2023-08-11 05:02:34,2023-08-18 05:02:34,2023-08-21,False,144
ORD-1604,46FA722B,processing,2023-12-03 23:11:40,2023-12-04 04:11:40,,,2023-12-10,False,28
ORD-1605,EF635618,delivered,2023-07-26 06:33:34,2023-07-26 09:33:34,2023-07-28 09:33:34,2023-08-03 09:33:34,2023-08-05,False,158
ORD-1606,780E2453,shipped,2023-01-01 06:42:33,2023-01-01 10:42:33,2023-01-02 10:42:33,,2023-01-05,False,364
ORD-1607,8BF384C7,shipped,2023-10-29 08:59:55,2023-10-29 11:59:55,2023-10-30 11:59:55,,2023-11-08,False,63
ORD-1608,DEE3D6A2,shipped,2023-07-23 12:41:03,2023-07-23 14:41:03,2023-07-25 14:41:03,,2023-08-02,False,161
ORD-1609,E6DC95C4,delivered,2023-09-06 21:39:27,2023-09-06 22:39:27,2023-09-09 22:39:27,2023-09-16 22:39:27,2023-09-13,False,116
ORD-1610,505E81BA,canceled,2023-11-21 08:33:58,,,,,False,40
ORD-1611,0D884CEF,delivered,2023-12-06 05:32:34,2023-12-06 06:32:34,2023-12-08 06:32:34,2023-12-11 06:32:34,2023-12-12,True,25
ORD-1612,77054EA1,shipped,2023-08-10 18:13:09,2023-08-10 22:13:09,2023-08-12 22:13:09,,2023-08-19,False,143
ORD-1613,FF321F1B,delivered,2023-05-23 06:40:01,2023-05-23 07:40:01,2023-05-24 07:40:01,2023-05-27 07:40:01,2023-06-03,False,222
ORD-1614,AFDD6F56,shipped,2023-07-01 18:37:38,2023-07-01 19:37:38,2023-07-03 19:37:38,,2023-07-12,False,183
ORD-1615,25652F40,shipped,2023-11-05 10:56:33,2023-11-05 13:56:33,2023-11-06 13:56:33,,2023-11-10,False,56
ORD-1616,49109F27,canceled,2023-01-31 06:24:37,,,,,False,334
ORD-1617,66A7F8E9,delivered,2023-02-07 17:13:01,2023-02-07 19:13:01,2023-02-10 19:13:01,2023-02-15 19:13:01,2023-02-16,False,327
ORD-1618,CD2746FC,shipped,2023-07-24 08:27:54,2023-07-24 10:27:54,2023-07-26 10:27:54,,2023-07-30,False,160
ORD-1619,8A6A88B9,shipped,2023-05-20 00:27:37,2023-05-20 04:27:37,2023-05-21 04:27:37,,2023-05-26,False,225
ORD-1620,3E6693F5,delivered,2023-08-02 14:02:58,2023-08-02 17:02:58,2023-08-05 17:02:58,2023-08-08 17:02:58,2023-08-15,False,151
ORD-1621,392B6850,delivered,2023-12-17 11:46:10,2023-12-17 14:46:10,2023-12-19 14:46:10,2023-12-24 14:46:10,2023-12-28,True,14
ORD-1622,D7AF9BBB,delivered,2023-08-25 06:49:25,2023-08-25 08:49:25,2023-08-27 08:49:25,2023-09-04 08:49:25,2023-09-03,False,128
ORD-1623,3E283C8B,delivered,2023-06-25 16:42:21,2023-06-25 20:42:21,2023-06-26 20:42:21,2023-07-03 20:42:21,2023-06-29,False,189
ORD-1624,959458D3,delivered,2023-08-20 08:54:43,2023-08-20 10:54:43,2023-08-22 10:54:43,2023-08-24 10:54:43,2023-08-29,False,133
ORD-1625,6C069DF9,processing,2023-03-25 10:17:37,2023-03-25 11:17:37,,,2023-04-03,False,281
ORD-1626,D3528162,delivered,2023-07-18 13:23:44,2023-07-18 15:23:44,2023-07-19 15:23:44,2023-07-21 15:23:44,2023-07-29,False,166
ORD-1627,6613CAF0,delivered,2023-03-02 15:01:25,2023-03-02 18:01:25,2023-03-05 18:01:25,2023-03-08 18:01:25,2023-03-11,False,304
ORD-1628,EBFDA1FF,delivered,2023-11-11 23:45:35,2023-11-12 03:45:35,2023-11-15 03:45:35,2023-11-18 03:45:35,2023-11-19,False,50
ORD-1629,F9EA111E,delivered,2023-11-04 22:24:09,2023-11-05 02:24:09,2023-11-08 02:24:09,2023-11-15 02:24:09,2023-11-12,False,57
ORD-1630,3DB2504C,shipped,2023-01-15 12:19:42,2023-01-15 16:19:42,2023-01-16 16:19:42,,2023-01-19,False,350
ORD-1631,FF7F8E60,processing,2023-05-16 02:56:40,2023-05-16 06:56:40,,,2023-05-27,False,229
ORD-1632,EE93D84A,shipped,2023-12-04 18:59:52,2023-12-04 19:59:52,2023-12-06 19:59:52,,2023-12-09,False,27
ORD-1633,39F0F02B,delivered,2023-07-23 15:36:25,2023-07-23 17:36:25,2023-07-25 17:36:25,2023-07-31 17:36:25,2023-07-31,False,161
ORD-1634,4BD267A6,shipped,2023-01-20 14:52:43,2023-01-20 18:52:43,2023-01-22 18:52:43,,2023-01-26,False,345
ORD-1635,6C069DF9,delivered,2023-06-17 17:55:56,2023-06-17 21:55:56,2023-06-18 21:55:56,2023-06-21 21:55:56,2023-06-26,False,197
ORD-1636,BE8570A1,delivered,2023-07-04 19:17:12,2023-07-04 20:17:12,2023-07-07 20:17:12,2023-07-12 20:17:12,2023-07-14,False,180
ORD-1637,7CD15F8B,delivered,2023-06-04 18:32:28,2023-06-04 20:32:28,2023-06-05 20:32:28,2023-06-10 20:32:28,2023-06-11,False,210
ORD-1638,6A6C030A,shipped,2023-06-03 12:38:17,2023-06-03 14:38:17,2023-06-04 14:38:17,,2023-06-10,False,211
ORD-1639,8BE9E4D7,shipped,2023-04-14 09:41:45,2023-04-14 12:41:45,2023-04-15 12:41:45,,2023-04-19,False,261
ORD-1640,52BB98AA,delivered,2023-06-14 11:41:04,2023-06-14 13:41:04,2023-06-16 13:41:04,2023-06-20 13:41:04,2023-06-19,False,200
ORD-1641,39F0F02B,invoiced,2023-03-07 17:34:24,2023-03-07 22:34:24,,,2023-03-19,False,299
ORD-1642,01A064F6,delivered,2023-06-21 01:25:00,2023-06-21 03:25:00,2023-06-22 03:25:00,2023-06-29 03:25:00,2023-06-30,False,193
ORD-1643,171F3EAC,shipped,2023-10-22 06:35:26,2023-10-22 07:35:26,2023-10-23 07:35:26,,2023-10-26,False,70
ORD-1644,8FC9FAA4,canceled,2023-08-30 04:09:44,,,,,False,123
ORD-1645,41289671,delivered,2023-01-06 08:00:12,2023-01-06 09:00:12,2023-01-08 09:00:12,2023-01-13 09:00:12,2023-01-18,False,359
ORD-1646,72D16EB4,delivered,2023-05-09 21:18:54,2023-05-09 23:18:54,2023-05-10 23:18:54,2023-05-16 23:18:54,2023-05-17,False,236
ORD-1647,23ABA453,shipped,2023-07-07 14:07:54,2023-07-07 16:07:54,2023-07-08 16:07:54,,2023-07-17,False,177
ORD-1648,FC939048,shipped,2023-12-18 20:54:27,2023-12-18 21:54:27,2023-12-20 21:54:27,,2023-12-25,False,13
ORD-1649,4249ACCE,delivered,2023-04-21 07:11:53,2023-04-21 10:11:53,2023-04-22 10:11:53,2023-04-27 10:11:53,2023-04-25,False,254
ORD-1650,8F065601,shipped,2023-05-31 22:26:07,2023-06-01 01:26:07,2023-06-02 01:26:07,,2023-06-05,False,214
ORD-1651,C0507535,processing,2023-12-03 20:51:04,2023-12-04 00:51:04,,,2023-12-11,False,28
ORD-1652,FD075CDC,invoiced,2023-07-17 11:56:21,2023-07-17 12:56:21,,,2023-07-27,False,167
ORD-1653,49F71FE0,delivered,2023-12-03 14:54:27,2023-12-03 15:54:27,2023-12-04 15:54:27,2023-12-07 15:54:27,2023-12-14,True,28
ORD-1654,416B8CE0,shipped,2023-12-26 18:12:27,2023-12-26 19:12:27,2023-12-27 19:12:27,,2024-01-03,False,5
ORD-1655,0033B9CF,delivered,2023-07-10 06:30:18,2023-07-10 08:30:18,2023-07-11 08:30:18,2023-07-15 08:30:18,2023-07-19,False,174
ORD-1656,A19E8562,delivered,2023-08-31 19:34:30,2023-08-31 22:34:30,2023-09-01 22:34:30,2023-09-08 22:34:30,2023-09-08,False,122
ORD-1657,0E11974E,invoiced,2023-12-12 19:08:56,2023-12-12 20:08:56,,,2023-12-25,False,19
ORD-1658,8F66E97F,delivered,2023-03-29 14:34:59,2023-03-29 18:34:59,2023-04-01 18:34:59,2023-04-04 18:34:59,2023-04-05,False,277
ORD-1659,A6691779,canceled,2023-07-22 05:26:31,,,,,False,162
ORD-1660,1AC5963B,delivered,2023-06-12 01:49:43,2023-06-12 03:49:43,2023-06-14 03:49:43,2023-06-18 03:49:43,2023-06-22,False,202
ORD-1661,88D692E8,delivered,2023-07-30 13:59:05,2023-07-30 15:59:05,2023-08-02 15:59:05,2023-08-08 15:59:05,2023-08-08,False,154
ORD-1662,A98BD4CA,shipped,2023-05-01 00:04:25,2023-05-01 02:04:25,2023-05-03 02:04:25,,2023-05-08,False,244
ORD-1663,C66039B6,delivered,2023-12-23 04:06:16,2023-12-23 05:06:16,2023-12-26 05:06:16,2024-01-01 05:06:16,2023-12-30,True,8
ORD-1664,B912D5F4,processing,2023-05-04 08:13:26,2023-05-04 10:13:26,,,2023-05-09,False,241
ORD-1665,80D81D39,invoiced,2023-12-08 19:25:25,2023-12-08 23:25:25,,,2023-12-17,False,23
ORD-1666,8EDC1A48,canceled,2023-10-17 13:35:10,,,,,False,75
ORD-1667,46FA722B,shipped,2023-03-01 00:20:32,2023-03-01 01:20:32,2023-03-02 01:20:32,,2023-03-07,False,305
ORD-1668,76306931,invoiced,2023-10-24 02:31:32,2023-10-24 07:31:32,,,2023-11-02,False,68
ORD-1669,65D06423,delivered,2023-08-26 19:37:39,2023-08-26 21:37:39,2023-08-27 21:37:39,2023-09-03 21:37:39,2023-08-30,False,127
ORD-1670,CFE89E95,shipped,2023-01-31 20:45:52,2023-02-01 00:45:52,2023-02-02 00:45:52,,2023-02-12,False,334
ORD-1671,3FAD766A,processing,2023-03-13 10:47:06,2023-03-13 14:47:06,,,2023-03-25,False,293
ORD-1672,A98BD4CA,delivered,2023-03-05 14:35:58,2023-03-05 15:35:58,2023-03-07 15:35:58,2023-03-15 15:35:58,2023-03-10,False,301
ORD-1673,BD0E57B7,delivered,2023-06-10 09:50:57,2023-06-10 11:50:57,2023-06-11 11:50:57,2023-06-13 11:50:57,2023-06-16,False,204
ORD-1674,F6113470,delivered,2023-12-03 18:13:41,2023-12-03 21:13:41,2023-12-05 21:13:41,2023-12-08 21:13:41,2023-12-14,True,28
ORD-1675,7B084165,delivered,2023-10-29 10:50:44,2023-10-29 14:50:44,2023-11-01 14:50:44,2023-11-05 14:50:44,2023-11-10,False,63
ORD-1676,4259593F,delivered,2023-08-19 14:40:16,2023-08-19 15:40:16,2023-08-22 15:40:16,2023-08-24 15:40:16,2023-09-01,False,134
ORD-1677,E3F28F66,processing,2023-11-18 04:17:34,2023-11-18 06:17:34,,,2023-12-01,False,43
ORD-1678,A57066F2,invoiced,2023-06-03 15:21:48,2023-06-03 16:21:48,,,2023-06-16,False,211
ORD-1679,0E11974E,shipped,2023-07-20 10:38:57,2023-07-20 11:38:57,2023-07-21 11:38:57,,2023-07-28,False,164
ORD-1680,CBB0F754,processing,2023-06-04 14:00:02,2023-06-04 17:00:02,,,2023-06-16,False,210
ORD-1681,7B31E78F,delivered,2023-06-14 01:37:58,2023-06-14 02:37:58,2023-06-17 02:37:58,2023-06-23 02:37:58,2023-06-22,False,200
ORD-1682,A96E6D49,shipped,2023-11-19 07:10:05,2023-11-19 08:10:05,2023-11-20 08:10:05,,2023-11-25,False,42
ORD-1683,81F6C50A,shipped,2023-12-14 07:44:28,2023-12-14 09:44:28,2023-12-16 09:44:28,,2023-12-25,False,17
ORD-1684,D7AF9BBB,delivered,2023-06-25 02:33:38,2023-06-25 06:33:38,2023-06-28 06:33:38,2023-07-05 06:33:38,2023-07-04,False,189
ORD-1685,780E2453,delivered,2023-02-05 00:32:07,2023-02-05 02:32:07,2023-02-08 02:32:07,2023-02-15 02:32:07,2023-02-12,False,329
ORD-1686,82F1CC2F,shipped,2023-02-14 08:05:39,2023-02-14 11:05:39,2023-02-15 11:05:39,,2023-02-24,False,320
ORD-1687,97854430,canceled,2023-08-26 16:55:46,,,,,False,127
ORD-1688,A80CEFB9,delivered,2023-08-02 17:35:43,2023-08-02 19:35:43,2023-08-04 19:35:43,2023-08-10 19:35:43,2023-08-09,False,151
ORD-1689,BB724B0E,delivered,2023-12-04 09:58:32,2023-12-04 10:58:32,2023-12-06 10:58:32,2023-12-10 10:58:32,2023-12-13,True,27
ORD-1690,1E556B3B,shipped,2023-04-23 03:37:46,2023-04-23 04:37:46,2023-04-24 04:37:46,,2023-04-30,False,252
ORD-1691,F47249B9,shipped,2023-08-30 18:40:58,2023-08-30 19:40:58,2023-09-01 19:40:58,,2023-09-11,False,123
ORD-1692,0AFC6008,shipped,2023-07-31 01:47:52,2023-07-31 05:47:52,2023-08-01 05:47:52,,2023-08-07,False,153
ORD-1693,8CB2B9B7,delivered,2023-06-26 05:08:57,2023-06-26 06:08:57,2023-06-29 06:08:57,2023-07-05 06:08:57,2023-07-02,False,188
ORD-1694,A1FA49E9,delivered,2023-12-09 14:24:01,2023-12-09 16:24:01,2023-12-10 16:24:01,2023-12-13 16:24:01,2023-12-15,True,22
ORD-1695,079D4343,delivered,2023-09-11 16:58:54,2023-09-11 18:58:54,2023-09-12 18:58:54,2023-09-19 18:58:54,2023-09-19,False,111
ORD-1696,ADA237BB,delivered,2023-12-24 10:36:25,2023-12-24 11:36:25,2023-12-26 11:36:25,2023-12-29 11:36:25,2023-12-31,True,7
ORD-1697,959458D3,shipped,2023-08-26 07:46:09,2023-08-26 09:46:09,2023-08-28 09:46:09,,2023-09-05,False,127
ORD-1698,9DDD81D8,shipped,2023-02-06 03:59:59,2023-02-06 06:59:59,2023-02-08 06:59:59,,2023-02-17,False,328
ORD-1699,8F065601,delivered,2023-10-22 13:11:30,2023-10-22 14:11:30,2023-10-24 14:11:30,2023-10-29 14:11:30,2023-10-29,False,70
ORD-1700,B18BECF7,processing,2023-09-27 18:19:20,2023-09-27 21:19:20,,,2023-10-10,False,95
ORD-1701,52BB98AA,delivered,2023-07-23 18:03:25,2023-07-23 20:03:25,2023-07-26 20:03:25,2023-07-28 20:03:25,2023-07-30,False,161
ORD-1702,4259593F,invoiced,2023-10-11 09:33:45,2023-10-11 14:33:45,,,2023-10-17,False,81
ORD-1703,C35B0B7E,shipped,2023-10-09 04:51:36,2023-10-09 07:51:36,2023-10-11 07:51:36,,2023-10-19,False,83
ORD-1704,447DBD48,delivered,2023-07-24 01:00:04,2023-07-24 04:00:04,2023-07-25 04:00:04,2023-07-31 04:00:04,2023-08-04,False,160
ORD-1705,D1190880,shipped,2023-10-11 04:29:39,2023-10-11 08:29:39,2023-10-12 08:29:39,,2023-10-18,False,81
ORD-1706,3519E4E2,delivered,2023-03-17 04:04:02,2023-03-17 05:04:02,2023-03-19 05:04:02,2023-03-26 05:04:02,2023-03-23,False,289
ORD-1707,932391F9,delivered,2023-11-07 12:28:47,2023-11-07 16:28:47,2023-11-09 16:28:47,2023-11-11 16:28:47,2023-11-17,False,54
ORD-1708,7DC0E179,shipped,2023-08-06 15:27:03,2023-08-06 17:27:03,2023-08-07 17:27:03,,2023-08-13,False,147
ORD-1709,6FC922C6,shipped,2023-04-09 19:20:35,2023-04-09 22:20:35,2023-04-11 22:20:35,,2023-04-19,False,266
ORD-1710,37E7C449,shipped,2023-02-14 05:02:07,2023-02-14 08:02:07,2023-02-16 08:02:07,,2023-02-19,False,320
ORD-1711,038C1BBC,delivered,2023-03-17 08:21:22,2023-03-17 11:21:22,2023-03-20 11:21:22,2023-03-25 11:21:22,2023-03-30,False,289
ORD-1712,9DDD81D8,delivered,2023-09-08 17:54:53,2023-09-08 19:54:53,2023-09-11 19:54:53,2023-09-16 19:54:53,2023-09-19,False,114
ORD-1713,04DED5CA,shipped,2023-11-01 11:18:26,2023-11-01 12:18:26,2023-11-03 12:18:26,,2023-11-11,False,60
ORD-1714,AEBC220F,delivered,2023-07-28 02:48:52,2023-07-28 05:48:52,2023-07-30 05:48:52,2023-08-01 05:48:52,2023-08-04,False,156
ORD-1715,8F66E97F,delivered,2023-11-23 12:15:24,2023-11-23 16:15:24,2023-11-26 16:15:24,2023-12-02 16:15:24,2023-12-01,False,38
ORD-1716,4259593F,delivered,2023-08-24 05:25:53,2023-08-24 06:25:53,2023-08-26 06:25:53,2023-09-02 06:25:53,2023-09-03,False,129
ORD-1717,77054EA1,delivered,2023-04-16 10:32:21,2023-04-16 14:32:21,2023-04-17 14:32:21,2023-04-21 14:32:21,2023-04-27,False,259
ORD-1718,5F2A0CF3,delivered,2023-03-25 22:34:10,2023-03-26 00:34:10,2023-03-27 00:34:10,2023-03-31 00:34:10,2023-03-30,False,281
ORD-1719,5C77D51D,delivered,2023-12-21 17:04:29,2023-12-21 18:04:29,2023-12-23 18:04:29,2023-12-29 18:04:29,2023-12-28,True,10
ORD-1720,DEE3D6A2,canceled,2023-05-13 02:06:35,,,,,False,232
ORD-1721,9082E6BF,shipped,2023-05-01 12:45:10,2023-05-01 14:45:10,2023-05-02 14:45:10,,2023-05-07,False,244
ORD-1722,AEFAC9E4,delivered,2023-10-09 09:29:16,2023-10-09 13:29:16,2023-10-12 13:29:16,2023-10-20 13:29:16,2023-10-16,False,83
ORD-1723,DFFFD4E0,canceled,2023-05-01 18:33:21,,,,,False,244
ORD-1724,087493F1,delivered,2023-05-10 10:29:08,2023-05-10 11:29:08,2023-05-11 11:29:08,2023-05-17 11:29:08,2023-05-18,False,235
ORD-1725,72D16EB4,shipped,2023-08-13 07:14:52,2023-08-13 09:14:52,2023-08-15 09:14:52,,2023-08-21,False,140
ORD-1726,CD2746FC,delivered,2023-04-22 07:00:05,2023-04-22 10:00:05,2023-04-24 10:00:05,2023-05-01 10:00:05,2023-04-28,False,253
ORD-1727,6945D71C,delivered,2023-02-27 23:46:12,2023-02-28 00:46:12,2023-03-01 00:46:12,2023-03-07 00:46:12,2023-03-05,False,307
ORD-1728,AEFAC9E4,delivered,2023-07-30 16:44:02,2023-07-30 19:44:02,2023-08-01 19:44:02,2023-08-04 19:44:02,2023-08-08,False,154
ORD-1729,E2EEE39E,delivered,2023-04-06 01:56:06,2023-04-06 04:56:06,2023-04-09 04:56:06,2023-04-13 04:56:06,2023-04-19,False,269
ORD-1730,FF321F1B,delivered,2023-02-20 12:22:39,2023-02-20 13:22:39,2023-02-21 13:22:39,2023-02-26 13:22:39,2023-02-24,False,314
ORD-1731,087493F1,delivered,2023-06-15 14:56:55,2023-06-15 18:56:55,2023-06-18 18:56:55,2023-06-22 18:56:55,2023-06-25,False,199
ORD-1732,0033B9CF,delivered,2023-11-14 11:06:41,2023-11-14 12:06:41,2023-11-16 12:06:41,2023-11-22 12:06:41,2023-11-21,False,47
ORD-1733,EDAD7671,shipped,2023-11-12 16:19:14,2023-11-12 20:19:14,2023-11-13 20:19:14,,2023-11-23,False,49
ORD-1734,F038F576,shipped,2023-09-23 19:47:49,2023-09-23 23:47:49,2023-09-25 23:47:49,,2023-10-01,False,99
ORD-1735,F56CF67B,processing,2023-02-25 19:34:59,2023-02-26 00:34:59,,,2023-03-06,False,309
ORD-1736,8BF384C7,delivered,2023-06-02 06:25:18,2023-06-02 09:25:18,2023-06-04 09:25:18,2023-06-09 09:25:18,2023-06-14,False,212
ORD-1737,CF891A2F,delivered,2023-01-26 09:14:52,2023-01-26 12:14:52,2023-01-28 12:14:52,2023-02-02 12:14:52,2023-02-02,False,339
ORD-1738,6FC922C6,delivered,2023-10-26 05:44:01,2023-10-26 07:44:01,2023-10-29 07:44:01,2023-10-31 07:44:01,2023-11-07,False,66
ORD-1739,F1010292,delivered,2023-05-07 13:19:33,2023-05-07 14:19:33,2023-05-09 14:19:33,2023-05-15 14:19:33,2023-05-19,False,238
ORD-1740,AF31B604,delivered,2023-08-18 08:11:38,2023-08-18 10:11:38,2023-08-21 10:11:38,2023-08-24 10:11:38,2023-08-31,False,135
ORD-1741,0BD3D6B1,delivered,2023-01-26 15:43:23,2023-01-26 19:43:23,2023-01-28 19:43:23,2023-02-03 19:43:23,2023-02-05,False,339
ORD-1742,B4F65690,delivered,2023-09-27 13:47:23,2023-09-27 14:47:23,2023-09-30 14:47:23,2023-10-07 14:47:23,2023-10-10,False,95
ORD-1743,EDD09C0E,delivered,2023-08-18 23:21:37,2023-08-19 02:21:37,2023-08-22 02:21:37,2023-08-24 02:21:37,2023-09-01,False,135
ORD-1744,11011A0E,canceled,2023-04-30 15:06:03,,,,,False,245
ORD-1745,EF635618,delivered,2023-08-21 08:10:47,2023-08-21 12:10:47,2023-08-23 12:10:47,2023-08-28 12:10:47,2023-08-26,False,132
ORD-1746,82F1CC2F,shipped,2023-03-26 12:17:19,2023-03-26 13:17:19,2023-03-27 13:17:19,,2023-04-01,False,280
ORD-1747,53FFCE78,delivered,2023-07-26 07:39:47,2023-07-26 11:39:47,2023-07-27 11:39:47,2023-07-30 11:39:47,2023-08-04,False,158
ORD-1748,3DB2504C,shipped,2023-08-10 11:21:40,2023-08-10 14:21:40,2023-08-12 14:21:40,,2023-08-20,False,143
ORD-1749,633E36CD,delivered,2023-08-15 07:24:32,2023-08-15 11:24:32,2023-08-16 11:24:32,2023-08-24 11:24:32,2023-08-23,False,138
ORD-1750,A680294F,processing,2023-05-24 09:24:24,2023-05-24 10:24:24,,,2023-05-29,False,221
ORD-1751,501769B7,invoiced,2023-11-15 17:58:30,2023-11-15 18:58:30,,,2023-11-24,False,46
ORD-1752,CF891A2F,delivered,2023-04-02 08:36:23,2023-04-02 12:36:23,2023-04-05 12:36:23,2023-04-09 12:36:23,2023-04-14,False,273
ORD-1753,7B084165,delivered,2023-05-29 04:26:38,2023-05-29 06:26:38,2023-06-01 06:26:38,2023-06-04 06:26:38,2023-06-11,False,216
ORD-1754,B0353AC9,delivered,2023-03-15 02:24:04,2023-03-15 05:24:04,2023-03-17 05:24:04,2023-03-20 05:24:04,2023-03-24,False,291
ORD-1755,4BFAE7CA,delivered,2023-02-22 03:33:23,2023-02-22 04:33:23,2023-02-23 04:33:23,2023-03-02 04:33:23,2023-03-05,False,312
ORD-1756,79BD978D,delivered,2023-02-22 17:31:18,2023-02-22 21:31:18,2023-02-24 21:31:18,2023-03-04 21:31:18,2023-03-05,False,312
ORD-1757,3E6693F5,delivered,2023-06-26 11:15:44,2023-06-26 15:15:44,2023-06-28 15:15:44,2023-07-02 15:15:44,2023-07-04,False,188
ORD-1758,015F9CB2,delivered,2023-06-14 23:09:38,2023-06-15 03:09:38,2023-06-18 03:09:38,2023-06-21 03:09:38,2023-06-25,False,200
ORD-1759,1CE8DA1F,delivered,2023-12-26 20:12:23,2023-12-26 23:12:23,2023-12-27 23:12:23,2023-12-29 23:12:23,2024-01-06,True,5
ORD-1760,25652F40,delivered,2023-02-13 22:46:06,2023-02-13 23:46:06,2023-02-14 23:46:06,2023-02-21 23:46:06,2023-02-21,False,321
ORD-1761,99A6B9C8,delivered,2023-07-20 18:19:08,2023-07-20 19:19:08,2023-07-21 19:19:08,2023-07-26 19:19:08,2023-07-25,False,164
ORD-1762,65AD1E3F,delivered,2023-11-06 22:48:53,2023-11-06 23:48:53,2023-11-08 23:48:53,2023-11-14 23:48:53,2023-11-11,False,55
ORD-1763,60646B32,delivered,2023-06-26 07:54:38,2023-06-26 11:54:38,2023-06-29 11:54:38,2023-07-06 11:54:38,2023-07-07,False,188
ORD-1764,6F8FA37F,canceled,2023-05-18 01:24:06,,,,,False,227
ORD-1765,22D77CA6,delivered,2023-04-23 07:37:05,2023-04-23 10:37:05,2023-04-26 10:37:05,2023-05-04 10:37:05,2023-05-03,False,252
ORD-1766,A680294F,delivered,2023-09-02 09:30:05,2023-09-02 11:30:05,2023-09-05 11:30:05,2023-09-07 11:30:05,2023-09-12,False,120
ORD-1767,76306931,delivered,2023-04-22 09:18:56,2023-04-22 11:18:56,2023-04-25 11:18:56,2023-04-27 11:18:56,2023-05-02,False,253
ORD-1768,6C4D8403,delivered,2023-02-21 11:21:02,2023-02-21 14:21:02,2023-02-23 14:21:02,2023-02-25 14:21:02,2023-02-27,False,313
ORD-1769,038C1BBC,delivered,2023-12-20 11:02:25,2023-12-20 13:02:25,2023-12-23 13:02:25,2023-12-28 13:02:25,2023-12-31,True,11
ORD-1770,038C1BBC,shipped,2023-04-12 11:03:02,2023-04-12 13:03:02,2023-04-14 13:03:02,,2023-04-19,False,263
ORD-1771,14B512E6,delivered,2023-12-01 18:33:24,2023-12-01 19:33:24,2023-12-02 19:33:24,2023-12-08 19:33:24,2023-12-07,True,30
ORD-1772,E3B1642E,invoiced,2023-10-20 08:14:37,2023-10-20 12:14:37,,,2023-10-28,False,72
ORD-1773,CBB0F754,shipped,2023-10-09 22:48:07,2023-10-10 00:48:07,2023-10-12 00:48:07,,2023-10-15,False,83
ORD-1774,D79888FC,shipped,2023-10-21 09:37:14,2023-10-21 10:37:14,2023-10-22 10:37:14,,2023-11-01,False,71
ORD-1775,AE285A5D,delivered,2023-07-04 22:48:12,2023-07-05 00:48:12,2023-07-07 00:48:12,2023-07-14 00:48:12,2023-07-16,False,180
ORD-1776,ADB225B1,delivered,2023-04-12 23:50:37,2023-04-13 03:50:37,2023-04-14 03:50:37,2023-04-18 03:50:37,2023-04-24,False,263
ORD-1777,A6691779,delivered,2023-09-21 12:01:00,2023-09-21 13:01:00,2023-09-22 13:01:00,2023-09-28 13:01:00,2023-09-30,False,101
ORD-1778,4DEFB704,canceled,2023-08-26 02:08:16,,,,,False,127
ORD-1779,6945D71C,delivered,2023-05-11 02:07:21,2023-05-11 03:07:21,2023-05-13 03:07:21,2023-05-20 03:07:21,2023-05-22,False,234
ORD-1780,04DED5CA,shipped,2023-10-28 06:17:23,2023-10-28 08:17:23,2023-10-29 08:17:23,,2023-11-06,False,64
ORD-1781,3E6693F5,delivered,2023-05-02 15:53:11,2023-05-02 16:53:11,2023-05-03 16:53:11,2023-05-05 16:53:11,2023-05-12,False,243
ORD-1782,C189FB48,delivered,2023-07-23 23:49:04,2023-07-24 03:49:04,2023-07-26 03:49:04,2023-07-29 03:49:04,2023-08-02,False,161
ORD-1783,8E97383C,delivered,2023-03-16 23:37:54,2023-03-17 00:37:54,2023-03-18 00:37:54,2023-03-24 00:37:54,2023-03-24,False,290
ORD-1784,B18BECF7,canceled,2023-10-02 23:44:17,,,,,False,90
ORD-1785,087493F1,delivered,2023-11-29 14:36:25,2023-11-29 18:36:25,2023-12-02 18:36:25,2023-12-10 18:36:25,2023-12-07,False,32
ORD-1786,B3B50A55,delivered,2023-09-28 03:57:42,2023-09-28 06:57:42,2023-09-30 06:57:42,2023-10-07 06:57:42,2023-10-04,False,94
ORD-1787,780E2453,invoiced,2023-12-25 08:08:39,2023-12-25 12:08:39,,,2024-01-04,False,6
ORD-1788,EBFDA1FF,shipped,2023-03-04 21:37:58,2023-03-05 00:37:58,2023-03-06 00:37:58,,2023-03-15,False,302
ORD-1789,0E11974E,invoiced,2023-05-10 04:34:00,2023-05-10 07:34:00,,,2023-05-19,False,235
ORD-1790,0D884CEF,delivered,2023-06-21 02:27:18,2023-06-21 04:27:18,2023-06-24 04:27:18,2023-06-29 04:27:18,2023-06-29,False,193
ORD-1791,C81562F8,delivered,2023-02-12 02:38:42,2023-02-12 06:38:42,2023-02-13 06:38:42,2023-02-19 06:38:42,2023-02-17,False,322
ORD-1792,8EDC1A48,delivered,2023-10-05 20:00:51,2023-10-05 21:00:51,2023-10-06 21:00:51,2023-10-08 21:00:51,2023-10-13,False,87
ORD-1793,1E556B3B,processing,2023-01-08 06:54:01,2023-01-08 08:54:01,,,2023-01-13,False,357
ORD-1794,B60806BD,delivered,2023-09-16 02:34:31,2023-09-16 04:34:31,2023-09-19 04:34:31,2023-09-23 04:34:31,2023-09-28,False,106
ORD-1795,A2700B09,delivered,2023-01-02 10:31:17,2023-01-02 14:31:17,2023-01-04 14:31:17,2023-01-09 14:31:17,2023-01-13,False,363
ORD-1796,EF635618,delivered,2023-07-29 18:21:52,2023-07-29 22:21:52,2023-08-01 22:21:52,2023-08-09 22:21:52,2023-08-11,False,155
ORD-1797,B18BECF7,delivered,2023-08-09 07:05:46,2023-08-09 10:05:46,2023-08-11 10:05:46,2023-08-18 10:05:46,2023-08-18,False,144
ORD-1798,AF31B604,shipped,2023-01-22 10:27:05,2023-01-22 11:27:05,2023-01-24 11:27:05,,2023-02-01,False,343
ORD-1799,8F6F08AE,delivered,2023-11-23 16:22:50,2023-11-23 19:22:50,2023-11-26 19:22:50,2023-11-29 19:22:50,2023-12-01,False,38
